comment,score
‡πÑ‡∏î‡πâ‡∏ã‡∏∑‡πâ‡∏≠‡πÅ‡∏û‡πá‡∏Å‡πÄ‡∏Å‡∏à‡∏Ñ‡∏≠‡∏£‡πå‡∏™‡∏™‡∏ß‡∏ô‡∏•‡πâ‡∏≤‡∏á‡∏•‡∏≥‡πÑ‡∏™‡πâ Detox 3 ‡∏Ñ‡∏£‡∏±‡πâ‡∏á ‡∏ó‡∏µ‡πà ‡πÇ‡∏£‡∏á‡∏û‡∏¢‡∏≤‡∏ö‡∏≤‡∏•‡∏¢‡∏±‡∏ô‡∏Æ‡∏µ ‡∏Å‡∏±‡∏ö Honestdocs ‡πÑ‡∏õ‡∏Ñ‡πà‡∏∞ ‡∏ã‡∏∑‡πâ‡∏≠‡πÅ‡∏û‡∏Ñ‡πÄ‡∏Å‡∏à‡πÉ‡∏ô‡∏£‡∏≤‡∏Ñ‡∏≤ 999 ‡∏ö‡∏≤‡∏ó‡∏Ñ‡∏∏‡πâ‡∏°‡∏°‡∏≤‡∏Å‡πÜ ‡∏ó‡∏≥‡πÑ‡∏î‡πâ‡∏ñ‡∏∂‡∏á 3 ‡∏Ñ‡∏£‡∏±‡πâ‡∏á‡πÄ‡∏•‡∏¢ ‡∏ß‡∏±‡∏ô‡∏ô‡∏µ‡πâ‡πÑ‡∏î‡πâ‡πÑ‡∏õ‡πÉ‡∏ä‡πâ‡πÅ‡∏û‡πá‡∏Ñ‡πÄ‡∏Å‡∏à‡∏™‡∏û‡∏´‡∏£‡∏±‡∏ö‡∏Ñ‡∏£‡∏±‡πâ‡∏á‡πÅ‡∏£‡∏Å‡∏°‡∏≤‡πÅ‡∏•‡πâ‡∏ß ‡πÑ‡∏°‡πà‡∏¢‡∏∏‡πà‡∏á‡∏¢‡∏≤‡∏Å‡πÄ‡∏•‡∏¢‡∏Ñ‡πà‡∏∞ ‡∏û‡∏ô‡∏±‡∏Å‡∏á‡∏≤‡∏ô honestdocs ‡∏ï‡∏≠‡∏ö‡πÑ‡∏•‡∏ô‡πå‡πÄ‡∏£‡πá‡∏ß‡∏°‡∏≤‡∏Å ‡∏ö‡∏£‡∏¥‡∏Å‡∏≤‡∏£‡∏î‡∏µ‡∏õ‡∏£‡∏∞‡∏ó‡∏±‡∏ö‡πÉ‡∏à ‡πÅ‡∏ô‡∏∞‡∏ô‡∏≥‡πÉ‡∏´‡πâ‡πÑ‡∏õ‡∏ó‡∏≥ ‡πÅ‡∏•‡πâ‡∏ß‡∏Ñ‡∏∏‡∏ì‡∏à‡∏∞‡∏õ‡∏£‡∏∞‡∏ó‡∏±‡∏ö‡πÉ‡∏à‡πÄ‡∏´‡∏°‡∏∑‡∏≠‡∏ô‡∏Å‡∏±‡∏ö‡πÄ‡∏£‡∏≤ ‡πÑ‡∏õ‡πÉ‡∏ä‡πâ‡∏ö‡∏£‡∏¥‡∏Å‡∏≤‡∏£‡∏Ñ‡∏£‡∏±‡πâ‡∏á‡∏ï‡πà‡∏≠‡πÜ‡πÑ‡∏õ‡πÅ‡∏•‡πâ‡∏ß‡∏à‡∏∞‡∏Å‡∏•‡∏±‡∏ö‡∏°‡∏≤‡∏£‡∏µ‡∏ß‡∏¥‡∏ß‡πÉ‡∏´‡∏°‡πà‡∏ô‡∏∞‡∏Ñ‡∏∞,5
‡πÄ‡∏Ñ‡∏¢‡πÉ‡∏ä‡πâ‡∏ö‡∏£‡∏¥‡∏Å‡∏≤‡∏£‡πÇ‡∏£‡∏á‡∏û‡∏¢‡∏≤‡∏ö‡∏≤‡∏•‡∏ô‡∏µ‡πâ‡∏ó‡∏±‡πâ‡∏á‡∏™‡∏¥‡∏ó‡∏ò‡∏¥‡∏õ‡∏£‡∏∞‡∏Å‡∏±‡∏ô‡∏™‡∏±‡∏á‡∏Ñ‡∏°‡πÅ‡∏•‡∏∞‡∏à‡πà‡∏≤‡∏¢‡πÄ‡∏á‡∏¥‡∏ô‡∏™‡∏î ‡∏Å‡∏≤‡∏£‡πÉ‡∏´‡πâ‡∏ö‡∏£‡∏¥‡∏Å‡∏≤‡∏£‡∏Ñ‡∏•‡πâ‡∏≤‡∏¢‡πÜ‡∏Å‡∏±‡∏ô‡∏ï‡πà‡∏≤‡∏á‡∏Å‡∏±‡∏ô‡∏ó‡∏µ‡πà‡∏Ñ‡∏ß‡∏≤‡∏°‡∏£‡∏ß‡∏î‡πÄ‡∏£‡πá‡∏ß‡πÅ‡∏•‡∏∞‡∏ï‡∏±‡∏ß‡∏¢‡∏≤ ‡∏´‡∏°‡∏≠‡∏Ñ‡πà‡∏≠‡∏ô‡∏Ç‡πâ‡∏≤‡∏á‡πÉ‡∏™‡πà‡πÉ‡∏à‡∏£‡∏≤‡∏¢‡∏•‡∏∞‡πÄ‡∏≠‡∏µ‡∏¢‡∏î‡∏Ç‡∏≠‡∏á‡∏Ñ‡∏ô‡πÉ‡∏Ç‡πâ ‡∏™‡πà‡∏ß‡∏ô‡∏û‡∏¢‡∏≤‡∏ö‡∏≤‡∏•‡∏™‡πà‡∏ß‡∏ô‡πÉ‡∏´‡∏ç‡πà‡∏Ñ‡πà‡∏≠‡∏ô‡∏Ç‡πâ‡∏≤‡∏á‡∏û‡∏π‡∏î‡∏à‡∏≤‡∏î‡∏µ ‡∏≠‡∏≤‡∏à‡∏°‡∏µ‡∏™‡πà‡∏ß‡∏ô‡∏´‡∏ô‡∏∂‡πà‡∏á‡∏ó‡∏µ‡πà‡∏û‡∏π‡∏î‡πÅ‡∏¢‡πà‡πÑ‡∏õ‡∏ö‡πâ‡∏≤‡∏á ‡πÄ‡∏Ñ‡∏¢‡πÅ‡∏≠‡∏î‡∏°‡∏¥‡∏ó‡∏£‡∏±‡∏Å‡∏©‡∏≤‡∏ï‡∏±‡∏ß ‡πÇ‡∏£‡∏á‡∏û‡∏¢‡∏≤‡∏ö‡∏≤‡∏•‡∏°‡∏µ‡∏Ñ‡∏ß‡∏≤‡∏°‡∏™‡∏∞‡∏≠‡∏≤‡∏î‡∏î‡∏µ ‡∏Å‡∏≤‡∏£‡πÄ‡∏î‡∏¥‡∏ô‡∏ó‡∏≤‡∏á‡πÑ‡∏õ‡πÇ‡∏£‡∏á‡∏û‡∏¢‡∏≤‡∏ö‡∏≤‡∏•‡∏™‡∏∞‡∏î‡∏ß‡∏Å‡∏ó‡∏±‡πâ‡∏á‡∏£‡∏ñ‡∏™‡πà‡∏ß‡∏ô‡∏ï‡∏±‡∏ß‡πÅ‡∏•‡∏∞‡∏£‡∏ñ‡∏õ‡∏£‡∏∞‡∏à‡∏≥‡∏ó‡∏≤‡∏á‡∏ñ‡πâ‡∏≤‡πÄ‡∏õ‡πá‡∏ô‡πÑ‡∏õ‡πÑ‡∏î‡πâ‡∏≠‡∏¢‡∏≤‡∏Å‡πÉ‡∏´‡πâ‡∏Å‡∏•‡∏±‡∏ö‡∏°‡∏≤‡∏£‡∏±‡∏ö‡∏™‡∏¥‡∏ó‡∏ò‡∏¥‡∏õ‡∏£‡∏∞‡∏Å‡∏±‡∏ô‡∏™‡∏±‡∏á‡∏Ñ‡∏°‡∏≠‡∏µ‡∏Å‡∏Ñ‡πà‡∏∞,4
‡πÑ‡∏î‡πâ‡∏°‡∏µ‡πÇ‡∏≠‡∏Å‡∏≤‡∏™‡πÑ‡∏õ‡∏ó‡∏≥‡πÄ‡∏•‡∏™‡∏¥‡∏Å‡∏ó‡∏µ‡πà‡∏£‡∏û‡∏ô‡∏µ‡πâ‡∏°‡∏≤‡∏Ñ‡πà‡∏∞ ‡∏û‡∏¢‡∏≤‡∏ö‡∏≤‡∏•‡πÅ‡∏•‡∏∞‡πÄ‡∏à‡πâ‡∏≤‡∏´‡∏ô‡πâ‡∏≤‡∏ó‡∏µ‡πà‡∏ó‡∏∏‡∏Å‡∏Ñ‡∏ô‡πÉ‡∏ô‡∏£‡∏û‡πÉ‡∏à‡∏î‡∏µ‡∏°‡∏≤‡∏Å‡πÜ ‡∏£‡∏û‡∏™‡∏∞‡∏≠‡∏≤‡∏î ‡∏°‡∏µ‡∏ô‡πâ‡∏≥‡∏î‡∏∑‡πà‡∏°‡∏ü‡∏£‡∏µ‡πÉ‡∏´‡πâ‡∏î‡∏∑‡πà‡∏°‡∏ã‡∏∂‡πà‡∏á‡∏≠‡∏£‡πà‡∏≠‡∏¢‡∏°‡∏≤‡∏Å‡πÜ‡πÄ‡∏•‡∏¢‡∏Ñ‡πà‡∏∞ ‡∏Ñ‡∏£‡∏ö‡∏Ñ‡∏£‡∏±‡∏ô‡∏°‡∏≤‡∏Å‡πÜ ‡∏ó‡∏µ‡πà‡∏à‡∏≠‡∏î‡∏£‡∏ñ‡πÄ‡∏¢‡∏≠‡∏∞‡∏Ñ‡πà‡∏∞ ‡∏û‡∏¢‡∏≤‡∏ö‡∏≤‡∏•‡∏ó‡∏µ‡πà‡∏û‡∏≤‡πÑ‡∏õ‡∏ó‡∏≥‡πÄ‡∏•‡∏™‡∏¥‡∏Å‡∏î‡∏π‡πÅ‡∏•‡∏î‡∏µ‡∏°‡∏≤‡∏Å‡πÜ ‡πÄ‡∏ó‡∏Ñ‡πÅ‡∏Ñ‡∏£‡πå‡∏Å‡∏≤‡∏£‡∏™‡∏≠‡∏ô‡∏Å‡∏≤‡∏£‡∏ó‡∏≥‡∏Ñ‡∏ß‡∏≤‡∏°‡∏™‡∏∞‡∏≠‡∏≤‡∏î ‡πÅ‡∏≠‡∏£‡πå‡πÄ‡∏¢‡πá‡∏ô‡∏°‡∏≤‡∏Å‡∏î‡πâ‡∏ß‡∏¢‡∏Ñ‡πà‡∏∞ ‡πÅ‡∏•‡∏∞‡∏ó‡∏µ‡πà‡∏™‡∏≥‡∏Ñ‡∏±‡∏ç‡∏ó‡∏≥‡πÄ‡∏•‡∏™‡∏¥‡∏Å‡πÑ‡∏°‡πà‡πÄ‡∏à‡πá‡∏ö‡πÄ‡∏•‡∏¢ ‡∏Ñ‡∏∏‡∏ì‡∏´‡∏°‡∏≠‡πÉ‡∏à‡∏î‡∏µ‡∏°‡∏≤‡∏Å‡πÜ‡∏Ñ‡πà‡∏∞ ‡∏î‡∏µ‡πÉ‡∏à‡∏ó‡∏µ‡πà‡πÑ‡∏î‡πâ‡πÄ‡∏•‡∏∑‡∏≠‡∏Å‡∏£‡∏û‡∏ô‡∏µ‡πâ‡∏£‡∏±‡∏Å‡∏©‡∏≤‡∏ï‡∏≤‡∏ô‡∏∞‡∏Ñ‡∏∞,5
‡πÇ‡∏£‡∏á‡∏û‡∏¢‡∏≤‡∏•‡∏™‡∏∞‡∏≠‡∏≤‡∏î‡∏Ñ‡∏∏‡∏ì‡∏´‡∏°‡∏≠‡∏û‡∏π‡∏î‡∏à‡∏≤‡∏™‡∏∏‡∏†‡∏≤‡∏û‡πÉ‡∏´‡πâ‡∏Å‡∏≤‡∏£‡∏£‡∏±‡∏Å‡∏©‡∏≤‡πÄ‡∏õ‡πá‡∏ô‡∏≠‡∏¢‡πà‡∏≤‡∏á‡∏î‡∏µ ‡πÄ‡∏ß‡∏£‡πÄ‡∏õ‡∏•‡∏ö‡∏£‡∏¥‡∏Å‡∏≤‡∏£‡∏î‡∏µ‡πÅ‡∏ú‡∏ô‡∏Å‡∏£‡∏¥‡∏Å‡∏≤‡∏£‡∏Å‡πá‡πÉ‡∏´‡πâ‡∏ö‡∏£‡∏¥‡∏Å‡∏≤‡∏£‡∏î‡∏µ ‡∏û‡∏¢‡∏≤‡∏ö‡∏≤‡∏•‡πÉ‡∏´‡πâ‡∏ö‡∏£‡∏¥‡∏Å‡∏≤‡∏£‡∏î‡∏µ ‡∏¢‡∏Å‡πÄ‡∏ß‡πâ‡∏ô‡∏ô‡∏≤‡∏á‡∏û‡∏¢‡∏≤‡∏ö‡∏≤‡∏•‡∏´‡πâ‡∏≠‡∏á‡∏â‡∏∏‡∏Å‡πÄ‡∏â‡∏¥‡∏ô‡∏ó‡∏µ‡πà‡∏¢‡∏±‡∏á‡∏î‡∏π‡πÅ‡∏•‡∏Ñ‡∏ô‡∏õ‡πà‡∏ß‡∏¢‡πÑ‡∏°‡πà‡∏î‡∏µ ‡∏à‡∏∞‡∏ó‡∏≥‡∏î‡∏µ‡∏Å‡πá‡∏ï‡πà‡∏≠‡πÄ‡∏°‡∏∑‡πà‡∏≠‡∏°‡∏µ‡∏≠‡∏≤‡∏à‡∏≤‡∏£‡∏¢‡πå‡∏´‡∏°‡∏≠‡πÄ‡∏Ç‡πâ‡∏≤‡∏°‡∏≤‡∏î‡∏π‡∏Ñ‡∏ô‡πÉ‡∏Ç‡πâ‡∏Ç‡∏≠‡∏á‡∏´‡∏°‡∏≠ ‡∏ô‡∏≠‡∏Å‡∏ô‡∏±‡πâ‡∏ô‡∏ö‡∏£‡∏¥‡∏Å‡∏≤‡∏£‡∏î‡∏µ‡∏´‡∏°‡∏î ‡πÄ‡∏£‡∏≤‡∏°‡∏≤‡πÇ‡∏£‡∏á‡∏ö‡∏≤‡∏•‡πÄ‡∏≠‡∏Å‡∏ä‡∏ô‡πÄ‡∏™‡∏µ‡∏¢‡πÄ‡∏á‡∏¥‡∏ô‡πÑ‡∏°‡πà‡∏ß‡πà‡∏≤‡πÅ‡∏ï‡πà‡∏Ç‡∏≠‡πÉ‡∏´‡πâ‡πÄ‡∏£‡∏≤‡πÑ‡∏î‡πâ‡∏£‡∏±‡∏ö‡∏ö‡∏£‡∏¥‡∏Å‡∏≤‡∏£‡∏î‡∏µ‡∏ó‡∏∏‡∏Å‡πÅ‡∏ú‡∏ô‡∏Å ‡∏≠‡∏¢‡πà‡∏≤‡πÄ‡∏•‡∏∑‡∏≠‡∏Å‡πÉ‡∏´‡πâ‡∏ö‡∏£‡∏¥‡∏Å‡∏≤‡∏£‡∏î‡∏µ‡∏Å‡∏±‡∏ö‡∏Ñ‡∏ô‡πÉ‡∏Ç‡πâ‡∏ó‡∏µ‡πà‡πÅ‡∏ï‡πà‡∏á‡∏ï‡∏±‡∏ß‡∏î‡∏µ‡∏°‡∏µ‡∏£‡∏∞‡∏î‡∏±‡∏ö,5
‡∏û‡∏¢‡∏≤‡∏ö‡∏≤‡∏•‡∏î‡∏π‡πÅ‡∏•‡∏î‡∏µ‡∏°‡∏≤‡∏Å‡πÜ ‡∏ï‡∏±‡πâ‡∏á‡πÅ‡∏ï‡πà‡∏Å‡πâ‡∏≤‡∏ß‡πÄ‡∏Ç‡πâ‡∏≤‡πÑ‡∏õ‡πÉ‡∏ô‡πÇ‡∏£‡∏á‡∏û‡∏¢‡∏≤‡∏ö‡∏≤‡∏• ‡∏à‡∏ô‡πÄ‡∏£‡∏≤‡∏≠‡∏≠‡∏Å‡∏à‡∏≤‡∏Å‡πÇ‡∏£‡∏á‡∏û‡∏¢‡∏≤‡∏ö‡∏≤‡∏•‡πÄ‡∏•‡∏¢ ‡∏£‡∏≠‡∏Ñ‡∏¥‡∏ß‡∏Å‡πá‡πÑ‡∏°‡πà‡∏ô‡∏≤‡∏ô ‡∏î‡∏π‡πÅ‡∏•‡πÉ‡∏Å‡∏•‡πâ‡∏ä‡∏¥‡∏î ‡∏ô‡πà‡∏≤‡∏£‡∏±‡∏Å‡∏°‡∏≤‡∏Å‡πÜ ‡∏Ñ‡∏∏‡∏ì‡∏´‡∏°‡∏≠‡∏Å‡πá‡∏û‡∏π‡∏î‡∏Ñ‡∏∏‡∏¢‡πÉ‡∏´‡πâ‡∏Å‡∏±‡∏ö‡∏õ‡∏£‡∏∂‡∏Å‡∏©‡∏≤‡∏î‡∏µ‡∏°‡∏≤‡∏Å ‡πÅ‡∏≠‡∏ö‡πÅ‡∏û‡∏á‡πÑ‡∏°‡πà‡∏ô‡∏¥‡∏î‡∏ô‡∏∂‡∏á‡πÅ‡∏ï‡πà‡∏Å‡πá‡∏Ñ‡∏∏‡πâ‡∏°‡∏°‡∏≤‡∏Å ‡∏≠‡∏∏‡∏õ‡∏Å‡∏£‡∏ì‡πå‡∏Ñ‡∏£‡∏ö ‡πÅ‡∏õ‡∏£‡∏á‡∏™‡∏µ‡∏ü‡∏±‡∏ô ‡∏¢‡∏≤‡∏ß‡∏µ‡∏ü‡∏±‡∏ô ‡∏Ç‡∏≠‡∏á‡πÉ‡∏ä‡πâ‡∏Ñ‡∏£‡∏ö‡∏à‡∏£‡∏¥‡∏á‡πÜ ‡∏≠‡∏≤‡∏´‡∏≤‡∏£‡∏ú‡∏π‡πâ‡∏õ‡πà‡∏ß‡∏¢‡∏î‡∏µ‡∏°‡∏≤‡∏Å ‡∏£‡∏™‡∏ä‡∏≤‡∏ï‡∏î‡∏µ ‡∏°‡∏µ‡∏õ‡∏£‡∏∞‡πÇ‡∏¢‡∏ä‡∏ô‡πå ‡πÅ‡∏°‡πà‡∏ö‡πâ‡∏≤‡∏ô‡∏Å‡πá‡∏û‡∏π‡∏î‡∏Ñ‡∏∏‡∏¢‡∏î‡∏µ ‡∏û‡∏ô‡∏±‡∏Å‡∏á‡∏≤‡∏ô‡∏™‡πà‡∏á‡∏≠‡∏≤‡∏´‡∏≤‡∏£‡πÉ‡∏´‡πâ‡∏ú‡∏π‡πâ‡∏õ‡πà‡∏ß‡∏¢‡∏Å‡πá‡∏î‡∏µ‡∏°‡∏≤‡∏Å‡πÜ,5
‡πÄ‡∏õ‡πá‡∏ô‡πÇ‡∏£‡∏á‡∏û‡∏¢‡∏≤‡∏ö‡∏≤‡∏•‡πÄ‡∏≠‡∏Å‡∏ä‡∏ô ‡∏ö‡∏£‡∏¥‡∏Å‡∏≤‡∏£‡∏î‡∏µ ‡∏™‡∏∞‡∏≠‡∏≤‡∏î ‡πÅ‡∏ï‡πà‡∏ï‡∏≠‡∏ô‡∏£‡∏≠‡∏£‡∏±‡∏ö‡∏¢‡∏≤‡∏≠‡∏≤‡∏à‡∏à‡∏∞‡∏ô‡∏≤‡∏ô‡∏´‡∏ô‡πà‡∏≠‡∏¢ ‡∏ï‡∏≠‡∏ô‡πÑ‡∏õ‡∏£‡∏±‡∏Å‡∏©‡∏≤‡πÄ‡∏õ‡πá‡∏ô‡πÄ‡∏´‡∏°‡∏∑‡∏≠‡∏ô‡∏•‡∏°‡∏û‡∏¥‡∏© ‡∏°‡∏µ‡∏ú‡∏∑‡πà‡∏ô‡∏Ç‡∏∂‡πâ‡∏ô‡πÄ‡∏´‡∏°‡∏∑‡∏≠‡∏ô‡πÅ‡∏û‡πâ‡∏≠‡∏∞‡πÑ‡∏£‡∏™‡∏±‡∏Å‡∏≠‡∏¢‡πà‡∏≤‡∏á‡πÅ‡∏ï‡πà‡∏Å‡πá‡πÑ‡∏°‡πà‡∏ó‡∏£‡∏≤‡∏ö‡∏ß‡πà‡∏≤‡πÅ‡∏û‡πâ‡∏≠‡∏∞‡πÑ‡∏£ ‡∏´‡∏°‡∏≠‡∏Å‡πá‡πÅ‡∏ô‡∏∞‡∏ô‡∏≥‡πÉ‡∏´‡πâ test(‡πÑ‡∏°‡πà‡πÅ‡∏ô‡πà‡πÉ‡∏à‡∏ß‡πà‡∏≤‡πÄ‡∏£‡∏µ‡∏¢‡∏Å‡∏ß‡πà‡∏≤‡∏≠‡∏∞‡πÑ‡∏£) ‡πÄ‡∏õ‡πá‡∏ô‡∏Å‡∏≤‡∏£‡πÄ‡∏≠‡∏≤‡∏™‡∏≤‡∏£‡∏´‡∏•‡∏≤‡∏¢‡πÜ‡∏ä‡∏ô‡∏¥‡∏î‡∏°‡∏≤‡∏´‡∏¢‡∏î‡∏ó‡∏µ‡πà‡∏ú‡∏¥‡∏ß‡πÄ‡∏£‡∏≤ ‡∏à‡∏∞‡∏°‡∏µ‡πÄ‡∏¢‡∏≠‡∏∞‡∏°‡∏≤‡∏Å‡∏´‡∏•‡∏≤‡∏¢‡∏£‡πâ‡∏≠‡∏¢‡πÄ‡∏•‡∏¢‡πÅ‡∏ï‡πà‡πÑ‡∏°‡πà‡πÑ‡∏î‡πâ‡∏™‡∏≠‡∏ö‡∏ñ‡∏≤‡∏°‡∏´‡∏°‡∏≠‡∏ß‡πà‡∏≤‡∏Ñ‡πà‡∏≤‡πÉ‡∏ä‡πâ‡∏à‡πà‡∏≤‡∏¢‡πÄ‡∏ó‡πà‡∏≤‡πÑ‡∏´‡∏£‡πà ‡∏´‡∏°‡∏≠‡πÅ‡∏ô‡∏∞‡∏ô‡∏≥‡πÅ‡∏ï‡πà‡∏´‡∏°‡∏≠‡∏Å‡πá‡∏ö‡∏≠‡∏Å‡∏ß‡πà‡∏≤‡∏¢‡∏±‡∏á‡πÑ‡∏°‡πà‡∏à‡∏≥‡πÄ‡∏õ‡πá‡∏ô‡∏ó‡∏µ‡πà‡∏ï‡πâ‡∏≠‡∏á‡∏ó‡∏≥‡∏Å‡πá‡πÑ‡∏î‡πâ‡πÅ‡∏•‡πâ‡∏ß‡πÅ‡∏ï‡πà‡πÄ‡∏£‡∏≤,5
‡πÄ‡∏£‡∏¥‡πà‡∏°‡∏ï‡∏±‡πâ‡∏á‡πÅ‡∏ï‡πà‡∏û‡∏¢‡∏≤‡∏ö‡∏≤‡∏•..‡πÉ‡∏™‡πà‡πÉ‡∏à..‡∏ï‡∏¥‡∏î‡∏ï‡πà‡∏≠‡∏õ‡∏£‡∏∞‡∏™‡∏≤‡∏ô‡∏á‡∏≤‡∏ô‡∏≠‡∏¢‡πà‡∏≤‡∏á‡πÑ‡∏°‡πà‡∏ö‡∏Å‡∏û‡∏£‡πà‡∏≠‡∏á..‡πÅ‡∏û‡∏ó‡∏¢‡πå‡∏ó‡∏µ‡πà‡∏ï‡∏£‡∏ß‡∏à‡∏Å‡πá‡∏•‡∏∞‡πÄ‡∏≠‡∏µ‡∏¢‡∏î..‡πÅ‡∏•‡∏∞‡∏´‡∏≤‡∏ó‡∏≤‡∏á‡πÅ‡∏Å‡πâ‡πÑ‡∏Ç‡πÉ‡∏´‡πâ‡∏ú‡∏π‡πâ‡∏õ‡πà‡∏ß‡∏¢‡∏™‡∏ö‡∏≤‡∏¢‡πÉ‡∏à‡πÑ‡∏î‡πâ‡πÄ‡∏õ‡πá‡∏ô‡∏≠‡∏¢‡πà‡∏≤‡∏á‡∏î‡∏µ,5
‡∏ö‡∏£‡∏¥‡∏Å‡∏≤‡∏£‡∏î‡∏µ‡∏ß‡πà‡∏≠‡∏á‡πÑ‡∏ß‡∏™‡∏∏‡∏î‡πÜ,5
‡πÉ‡∏ä‡πâ‡∏™‡∏¥‡∏ó‡∏ò‡∏¥‡πå‡∏õ‡∏Å‡∏™.‡πÅ‡∏ï‡πà‡∏£‡∏û.‡∏ô‡πà‡∏≤‡∏à‡∏∞‡∏°‡∏µ‡∏£‡∏∞‡∏ö‡∏ö‡∏Å‡∏≤‡∏£‡∏î‡∏≥‡πÄ‡∏ô‡∏¥‡∏ô‡∏Å‡∏≤‡∏£‡∏ó‡∏µ‡πà‡∏£‡∏ß‡∏î‡πÄ‡∏£‡πá‡∏ß‡∏Å‡∏ß‡πà‡∏≤‡∏ô‡∏µ‡πâ,3
‡πÑ‡∏õ‡∏ó‡∏≥‡∏ü‡∏±‡∏ô‡∏Ñ‡∏∏‡∏ì‡∏´‡∏°‡∏≠‡∏ó‡∏≥‡∏î‡∏µ‡∏°‡∏≤‡∏Å ‡∏ó‡∏≥‡∏ó‡∏∏‡∏Å‡∏à‡∏ô‡∏£‡∏π‡πâ‡∏™‡∏∂‡∏Å‡πÄ‡∏•‡∏¢‡∏ß‡πà‡∏≤‡∏ü‡∏±‡∏ô‡∏™‡∏∞‡∏≠‡∏≤‡∏î ‡πÉ‡∏´‡πâ‡∏Ñ‡∏≥‡πÅ‡∏ô‡∏∞‡∏ô‡∏≥‡πÄ‡∏£‡∏≤‡∏î‡πâ‡∏ß‡∏¢‡∏ß‡πà‡∏≤‡∏ï‡∏£‡∏á‡∏ô‡∏µ‡πâ‡πÄ‡∏õ‡πá‡∏ô‡πÑ‡∏á‡∏Ñ‡∏ß‡∏£‡πÄ‡∏ô‡πâ‡∏ô‡∏Å‡∏≤‡∏£‡πÅ‡∏õ‡∏£‡∏á‡πÄ‡∏û‡∏¥‡πà‡∏°‡∏≠‡∏µ‡∏Å ‡∏≠‡∏∞‡πÑ‡∏£‡∏õ‡∏£‡∏∞‡∏°‡∏≤‡∏ì‡∏ô‡∏µ‡πâ ‡πÅ‡∏•‡πâ‡∏ß‡∏ï‡∏≠‡∏ô‡∏ó‡∏≥‡∏Ñ‡∏∏‡∏ì‡∏´‡∏°‡∏≠‡∏°‡∏∑‡∏≠‡πÄ‡∏ö‡∏≤‡∏°‡∏≤‡∏Å‡∏Ñ‡∏¥‡∏î‡∏ß‡πà‡∏≤‡∏à‡∏∞‡πÄ‡∏à‡πá‡∏ö‡πÑ‡∏°‡πà‡πÄ‡∏à‡πá‡∏ö‡πÄ‡∏•‡∏¢,4
‡∏ó‡∏≥‡∏á‡∏≤‡∏ô‡πÑ‡∏ß‡∏°‡∏≤‡∏Å  ‡∏î‡∏π‡πÅ‡∏•‡∏Ñ‡∏ô‡πÑ‡∏Ç‡πâ‡∏î‡∏µ‡∏°‡∏≤‡∏Å ‡πÅ‡∏•‡∏∞‡∏Ñ‡∏∏‡∏ì‡∏´‡∏°‡∏≠‡πÄ‡∏Å‡πà‡∏á‡∏Ñ‡πà‡∏∞,5
‡πÄ‡∏õ‡πá‡∏ô‡∏£‡∏¥‡∏î‡∏™‡∏µ‡∏î‡∏ß‡∏á ‡∏ó‡∏µ‡πà‡∏™‡πà‡∏ß‡∏ô‡∏õ‡∏•‡∏≤‡∏¢‡∏•‡∏≥‡πÑ‡∏™‡πâ‡πÉ‡∏´‡∏ç‡πà ‡∏ï‡∏≠‡∏ô‡∏ï‡∏±‡∏î‡∏™‡∏¥‡∏ô‡πÉ‡∏à‡∏û‡∏ö‡πÅ‡∏û‡∏ó‡∏¢‡πå ‡∏°‡∏µ‡πÄ‡∏•‡∏∑‡∏≠‡∏î‡∏≠‡∏≠‡∏Å‡∏°‡∏≤‡∏Å‡πÅ‡∏•‡πâ‡∏ß ‡πÑ‡∏õ‡∏ñ‡∏∂‡∏á‡∏û‡∏ö‡∏Ñ‡∏∏‡∏ì‡∏´‡∏°‡∏≠‡∏ó‡∏±‡πà‡∏ß‡πÑ‡∏õ‡∏Å‡πà‡∏≠‡∏ô ‡∏Ñ‡∏∏‡∏ì‡∏´‡∏°‡∏≠‡∏™‡πà‡∏≠‡∏á‡∏Å‡∏•‡πâ‡∏≠‡∏á‡πÉ‡∏´‡πâ‡∏ó‡∏±‡∏ô‡∏ó‡∏µ‡∏Ñ‡πà‡∏∞ ‡∏û‡∏£‡πâ‡∏≠‡∏°‡πÉ‡∏´‡∏ç‡πà‡∏¢‡∏≤‡∏°‡∏≤‡∏ö‡∏£‡∏£‡πÄ‡∏ó‡∏≤‡∏Å‡πà‡∏≠‡∏ô‡πÄ‡∏ö‡∏∑‡πâ‡∏≠‡∏á‡∏ï‡πâ‡∏ô ‡πÅ‡∏•‡∏∞‡∏ó‡∏≥‡∏Å‡∏≤‡∏£‡∏ô‡∏±‡∏î‡πÅ‡∏û‡∏ó‡∏¢‡πå‡πÄ‡∏â‡∏û‡∏≤‡∏∞‡∏ó‡∏≤‡∏á‡πÉ‡∏´‡πâ‡∏ó‡∏±‡∏ô‡∏ó‡∏µ‡πÉ‡∏ô‡∏≠‡∏µ‡∏Å‡∏´‡∏ô‡∏∂‡πà‡∏á‡∏≠‡∏≤‡∏ó‡∏¥‡∏ï‡∏¢‡πå ‡∏à‡∏≤‡∏Å‡∏ô‡∏±‡πâ‡∏ô‡πÄ‡∏°‡∏∑‡πà‡∏≠‡∏°‡∏≤‡∏û‡∏ö‡πÅ‡∏û‡∏ó‡∏¢‡πå‡πÄ‡∏â‡∏û‡∏≤‡∏∞‡∏ó‡∏≤‡∏á‡∏ï‡∏≤‡∏°‡∏ß‡∏±‡∏ô‡∏ô‡∏±‡∏î ‡πÅ‡∏û‡∏ó‡∏¢‡πå‡∏ó‡∏≥‡∏Å‡∏≤‡∏£‡∏™‡πà‡∏≠‡∏á‡∏Å‡∏•‡πâ‡∏≠‡∏á‡∏≠‡∏µ‡∏Å‡∏Ñ‡∏£‡∏±‡πâ‡∏á‡∏û‡∏£‡πâ‡∏≠‡∏°‡∏ó‡∏±‡πâ‡∏á‡πÅ‡∏à‡πâ‡∏á‡∏ñ‡∏∂‡∏á‡∏ß‡∏¥‡∏ò‡∏µ‡∏Å‡∏≤‡∏£‡∏£‡∏±‡∏Å‡∏©‡∏≤‡∏Ñ‡∏∏‡∏ì‡∏´‡∏°‡∏≠‡πÉ‡∏ä‡πâ‡∏ß‡∏¥‡∏ò‡∏µ‡∏£‡∏±‡∏î‡∏¢‡∏≤‡∏á‡πÄ‡∏û‡∏∑‡πà‡∏≠‡∏´‡πâ‡πÄ‡∏•‡∏∑‡∏≠‡∏î‡∏´‡∏¢‡∏∏‡∏î‡∏Ñ‡πà‡∏∞ ‡∏´‡∏•‡∏±‡∏á‡∏à‡∏≤‡∏Å‡∏ô‡∏±‡πâ‡∏ô‡∏Ñ‡∏∏‡∏ì‡∏´‡∏°‡∏≠‡∏Å‡πá‡πÅ‡∏ô‡∏∞‡∏ô‡∏≥‡∏ß‡∏¥‡∏ò‡∏µ‡∏õ‡∏è‡∏¥‡∏ö‡∏±‡∏ï‡∏¥‡∏ï‡∏±‡∏ß‡πÅ‡∏•‡∏∞‡∏≠‡∏≤‡∏Å‡∏£‡∏ó‡∏µ‡πà‡∏à‡∏∞‡πÄ‡∏Å‡∏¥‡∏î‡∏Ç‡∏∂‡πâ‡∏ô ‡∏£‡∏ß‡∏°‡∏ñ‡∏∂‡∏á‡∏≠‡∏≤‡∏Å‡∏≤‡∏£‡∏ó‡∏µ‡πà‡πÑ‡∏°‡πà‡∏Ñ‡∏ß‡∏£‡πÄ‡∏Å‡∏¥‡∏î‡∏Ç‡∏∂‡πâ‡∏ô‡∏î‡πâ‡∏ß‡∏¢‡∏Ñ‡πà‡∏∞ ‡∏û‡∏£‡πâ‡∏≠‡∏°‡∏ó‡∏±‡πâ‡∏á‡∏™‡∏±‡πà‡∏á‡∏¢‡∏≤‡∏ó‡∏µ‡πà‡∏ä‡πà‡∏ß‡∏¢‡∏ö‡∏£‡∏£‡πÄ‡∏ó‡∏≤‡∏≠‡∏≤‡∏Å‡∏≤‡∏£‡∏õ‡∏ß‡∏î‡πÅ‡∏•‡∏∞‡∏•‡∏î‡∏≠‡∏±‡∏Å‡πÄ‡∏™‡∏ö‡πÉ‡∏´‡πâ‡∏û‡∏£‡πâ‡∏≠‡∏°‡∏ô‡∏±‡∏î‡∏Ñ‡∏£‡∏±‡πâ‡∏á‡∏ï‡πà‡∏≠‡πÑ‡∏õ‡∏≠‡∏µ‡∏Å‡∏™‡∏≠‡∏á‡∏≠‡∏≤‡∏ó‡∏¥‡∏ï‡∏¢‡πå‡∏Ñ‡πà‡∏∞ ‡∏ï‡∏≠‡∏ô‡∏ô‡∏µ‡πâ‡∏ú‡πà‡∏≤‡∏ô‡∏°‡∏≤‡∏´‡πâ‡∏≤‡∏ß‡∏±‡∏ô‡πÅ‡∏•‡πâ‡∏ß‡∏Ñ‡πà‡∏∞ ‡∏Ñ‡πà‡∏≠‡∏¢‡∏¢‡∏±‡∏á‡∏ä‡∏±‡πà‡∏ß‡∏ö‡πâ‡∏≤‡∏á‡πÅ‡∏•‡πâ‡∏ß ‡∏£‡∏≠‡∏ü‡∏±‡∏á‡∏ú‡∏•‡∏ï‡πà‡∏≠‡πÑ‡∏õ‡πÉ‡∏ô‡∏ß‡∏±‡∏ô‡∏ô‡∏±‡∏î ‡∏Ç‡∏≠‡∏ö‡∏Ñ‡∏∏‡∏ì‡∏Ñ‡∏∏‡∏ì‡∏´‡∏°‡∏≠‡πÅ‡∏•‡∏∞‡∏û‡∏¢‡∏≤‡∏ö‡∏≤‡∏•‡∏ô‡∏∞‡∏Ñ‡∏∞ ‡∏ï‡∏≠‡∏ô‡∏ô‡∏µ‡πâ‡πÄ‡∏•‡∏∑‡∏≠‡∏î‡∏´‡∏¢‡∏∏‡∏î‡πÅ‡∏•‡πâ‡∏ß‡∏Ñ‡∏•‡∏≤‡∏¢‡∏Å‡∏±‡∏á‡∏ß‡∏•‡πÑ‡∏õ‡πÑ‡∏î‡πâ‡∏°‡∏≤‡∏ó‡∏µ‡πà‡πÄ‡∏î‡∏µ‡∏¢‡∏ß‡∏Ñ‡πà‡∏∞,5
‡πÑ‡∏°‡πà‡∏ï‡∏£‡∏á‡∏ï‡πà‡∏≠‡πÄ‡∏ß‡∏•‡∏≤ ‡πÑ‡∏õ‡∏ñ‡∏∂‡∏á‡∏Å‡πà‡∏≠‡∏ô‡πÄ‡∏ß‡∏•‡∏≤‡∏ô‡∏±‡∏î‡∏Ñ‡∏£‡∏∂‡πà‡∏á ‡∏ä.‡∏°. ‡∏ô‡∏±‡πà‡∏á‡∏£‡∏≠‡∏ï‡∏≤‡∏°‡∏õ‡∏Å‡∏ï‡∏¥‡∏à‡∏ô‡∏ñ‡∏∂‡∏á‡πÄ‡∏ß‡∏•‡∏≤‡∏ó‡∏µ‡πà‡∏ô‡∏±‡∏î‡∏Å‡πá‡∏¢‡∏±‡∏á‡πÑ‡∏°‡πà‡πÄ‡∏£‡∏µ‡∏¢‡∏Å‡∏à‡∏ô‡πÄ‡∏•‡∏¢‡πÄ‡∏ß‡∏•‡∏≤‡πÑ‡∏õ‡∏≠‡∏µ‡∏Å 40 ‡∏ô‡∏≤‡∏ó‡∏µ‡∏ñ‡∏∂‡∏á‡∏à‡∏∞‡πÑ‡∏î‡πâ‡πÄ‡∏Ç‡πâ‡∏≤‡∏û‡∏ö‡∏´‡∏°‡∏≠‡πÅ‡∏•‡∏∞‡∏•‡∏á‡∏°‡∏∑‡∏≠‡∏£‡∏±‡∏Å‡∏©‡∏≤ ‡πÉ‡∏ô‡πÄ‡∏£‡∏∑‡πà‡∏≠‡∏á‡∏Å‡∏≤‡∏£‡∏£‡∏±‡∏Å‡∏©‡∏≤‡∏ñ‡∏∑‡∏≠‡∏ß‡πà‡∏≤ ok ‡πÅ‡∏ï‡πà‡∏ï‡πâ‡∏≠‡∏á‡πÄ‡∏â‡∏û‡∏≤‡∏∞‡∏î‡πâ‡∏≤‡∏ô‡∏ô‡∏∞,4
‡∏Å‡∏≤‡∏£‡∏î‡∏π‡πÅ‡∏•:‡∏ô‡πâ‡∏≠‡∏á‡∏û‡∏¢‡∏≤‡∏ö‡∏≤‡∏•‡∏î‡∏π‡πÅ‡∏•‡πÄ‡∏≠‡∏≤‡πÉ‡∏à‡πÉ‡∏™‡πà‡πÄ‡∏´‡∏°‡∏∑‡∏≠‡∏ô‡πÄ‡∏õ‡πá‡∏ô‡∏û‡πà‡∏≠‡πÅ‡∏°‡πà‡∏à‡∏£‡∏¥‡∏á.  ‡∏≠‡∏≤‡∏´‡∏≤‡∏£:‡∏≠‡∏≤‡∏´‡∏≤‡∏£‡∏Ñ‡∏∏‡∏ì‡∏†‡∏≤‡∏û‡∏î‡∏µ‡∏°‡∏≤‡∏Å. ‡∏´‡∏•‡∏±‡∏áadmit ‡∏°‡∏µ‡∏Å‡∏≤‡∏£‡∏ï‡∏¥‡∏î‡∏ï‡∏≤‡∏°‡∏≠‡∏≤‡∏Å‡∏≤‡∏£‡∏î‡∏µ‡∏°‡∏≤‡∏Å‡∏Ñ‡∏£‡∏±‡∏ö,5
‡∏ù‡∏≤‡∏Å‡∏ó‡πâ‡∏≠‡∏á ‡∏ú‡πà‡∏≤‡∏Ñ‡∏•‡∏≠‡∏î‡∏•‡∏π‡∏Å‡∏ó‡∏µ‡πà‡∏ô‡∏µ‡πà ‡∏â‡∏µ‡∏î‡∏ß‡∏±‡∏Ñ‡∏ã‡∏µ‡∏ô‡πÄ‡∏î‡πá‡∏Å ‡∏ï‡∏£‡∏ß‡∏à‡∏û‡∏±‡∏í‡∏ô‡∏≤‡∏Å‡∏≤‡∏£ ‡∏Ñ‡∏∏‡∏ì‡∏´‡∏°‡∏≠‡∏î‡∏µ‡∏°‡∏≤‡∏Å‡πÜ‡∏Ñ‡πà‡∏∞ ‡∏™‡πà‡∏ß‡∏ô‡πÉ‡∏ô‡πÄ‡∏£‡∏∑‡πà‡∏≠‡∏á‡∏ó‡∏µ‡πà‡πÄ‡∏£‡∏≤‡∏õ‡πà‡∏ß‡∏¢‡πÄ‡∏≠‡∏á ‡∏ó‡∏±‡πâ‡∏á‡∏Ñ‡∏∏‡∏ì‡∏´‡∏°‡∏≠‡∏û‡∏¢‡∏≤‡∏ö‡∏≤‡∏•‡∏Å‡πá‡∏î‡∏π‡πÅ‡∏•‡πÄ‡∏õ‡πá‡∏ô‡∏≠‡∏¢‡πà‡∏≤‡∏á‡∏î‡∏µ‡πÑ‡∏°‡πà‡∏¢‡∏±‡∏î‡πÄ‡∏¢‡∏µ‡∏¢‡∏î‡∏Å‡∏≤‡∏£‡∏£‡∏±‡∏Å‡∏©‡∏≤‡πÉ‡∏´‡πâ‡∏Ñ‡∏ô‡πÑ‡∏Ç‡πâ ‡∏Ñ‡πà‡∏≤‡∏£‡∏±‡∏Å‡∏©‡∏≤‡∏Å‡πá‡πÑ‡∏°‡πà‡πÅ‡∏û‡∏á‡πÄ‡∏ß‡∏≠‡∏£‡πå‡πÄ‡∏Å‡∏¥‡∏ô ‡∏°‡∏µ‡∏Å‡∏≤‡∏£‡πÅ‡∏à‡πâ‡∏á‡∏Ñ‡πà‡∏≤‡∏£‡∏±‡∏Å‡∏©‡∏≤‡∏Å‡πà‡∏≠‡∏ô‡∏ñ‡πâ‡∏≤‡∏à‡∏∞‡∏ï‡πâ‡∏≠‡∏á‡πÅ‡∏≠‡∏î‡∏°‡∏¥‡∏î ‡πÉ‡∏ô‡∏™‡πà‡∏ß‡∏ô‡πÅ‡∏û‡∏ó‡∏¢‡πå‡πÉ‡∏´‡πâ‡πÄ‡∏ï‡πá‡∏° 5 ‡∏î‡∏≤‡∏ß‡∏Ñ‡πà‡∏∞ ‡∏´‡∏°‡∏≠‡πÄ‡∏¢‡∏µ‡πà‡∏¢‡∏°‡∏ó‡∏∏‡∏Å‡∏Ñ‡∏ô ‡∏Ç‡∏≠‡∏´‡∏±‡∏Å‡∏Ñ‡∏∞‡πÅ‡∏ô‡∏ô‡∏ó‡∏µ‡πà‡∏û‡∏¢‡∏≤‡∏ö‡∏≤‡∏• ‡∏ö‡∏≤‡∏á‡∏Ñ‡∏ô‡∏ô‡∏∞ ‡∏Ñ‡∏ß‡∏≤‡∏°‡πÄ‡∏≠‡∏≤‡πÉ‡∏à‡πÉ‡∏™‡πà‡∏á‡∏≤‡∏ô ‡πÅ‡∏•‡∏∞‡∏Ñ‡∏ß‡∏≤‡∏°‡∏£‡∏≠‡∏ö‡∏Ñ‡∏≠‡∏ö‡∏ô‡∏∞‡∏Ñ‡∏∞,4
‡∏Ç‡∏±‡πâ‡∏ô‡∏ï‡∏≠‡∏ô‡∏ó‡∏≥‡∏ö‡∏±‡∏ï‡∏£ ‡∏£‡∏ß‡∏î‡πÄ‡∏£‡πá‡∏ß ‡πÅ‡∏ï‡πà‡∏°‡∏µ‡πÄ‡∏™‡∏µ‡∏¢‡∏Ñ‡πà‡∏≤‡∏ö‡∏±‡∏ï‡∏£ 20 ‡∏ö‡∏≤‡∏ó ‡∏ö‡∏±‡∏ï‡∏£‡πÄ‡∏õ‡πá‡∏ô‡∏û‡∏•‡∏≤‡∏™‡∏ï‡∏¥‡∏Å‡πÅ‡∏ö‡∏ö‡∏≠‡πà‡∏≠‡∏ô‡πÑ‡∏°‡πà‡∏Ç‡∏≤‡∏î‡∏á‡πà‡∏≤‡∏¢ ‡∏û‡∏Å‡∏û‡∏≤‡∏™‡∏∞‡∏î‡∏ß‡∏Å ‡∏™‡∏≠‡∏ö‡∏ñ‡∏≤‡∏°‡∏Ç‡πâ‡∏≠‡∏°‡∏π‡∏•‡πÄ‡∏£‡∏∑‡πà‡∏≠‡∏á‡∏ï‡∏£‡∏ß‡∏à‡∏™‡∏∏‡∏Ç‡∏†‡∏≤‡∏û ‡πÄ‡∏à‡πâ‡∏≤‡∏´‡∏ô‡πâ‡∏≤‡∏ó‡∏µ‡πà‡πÉ‡∏´‡πâ‡∏Ñ‡∏≥‡∏ï‡∏≠‡∏ö‡πÑ‡∏î‡πâ‡∏ó‡∏±‡∏ô‡∏ó‡∏µ ‡πÅ‡∏•‡∏∞‡πÅ‡∏ô‡∏∞‡∏ô‡∏≥‡∏ö‡∏£‡∏¥‡∏Å‡∏≤‡∏£ ‡∏£‡∏ß‡∏°‡πÑ‡∏õ‡∏ñ‡∏∂‡∏á‡∏Ç‡∏±‡πâ‡∏ô‡∏ï‡∏≠‡∏ô‡∏î‡πâ‡∏ß‡∏¢ ‡πÅ‡∏•‡∏∞‡πÅ‡∏à‡πâ‡∏á‡∏ö‡∏£‡∏¥‡∏Å‡∏≤‡∏£‡∏ï‡∏£‡∏ß‡∏à‡πÄ‡∏ö‡∏≤‡∏´‡∏ß‡∏≤‡∏ô‡∏ü‡∏£‡∏µ ‡πÇ‡∏î‡∏¢‡∏ó‡∏µ‡πà‡πÄ‡∏£‡∏≤‡πÑ‡∏°‡πà‡∏ó‡∏£‡∏≤‡∏ö‡∏Ç‡πâ‡∏≠‡∏°‡∏π‡∏•‡∏°‡∏≤‡∏Å‡πà‡∏≠‡∏ô‡∏î‡πâ‡∏ß‡∏¢ ‡∏ã‡∏∂‡πà‡∏á‡πÄ‡∏£‡∏≤‡∏°‡∏≤‡∏ï‡∏£‡∏ß‡∏à‡∏î‡πâ‡∏ß‡∏¢‡∏≠‡∏≤‡∏Å‡∏≤‡∏£‡∏õ‡∏ß‡∏î‡∏®‡∏£‡∏µ‡∏©‡∏∞ ‡πÑ‡∏°‡πÄ‡∏Å‡∏£‡∏ô ‡∏à‡∏≤‡∏Å‡∏ô‡∏±‡πâ‡∏ô‡∏Å‡πá‡∏ï‡πâ‡∏≠‡∏á‡∏ß‡∏±‡∏î‡∏Ñ‡∏ß‡∏≤‡∏°‡∏î‡∏±‡∏ô‡∏Å‡πà‡∏≠‡∏ô ‡∏û‡∏£‡πâ‡∏≠‡∏°‡∏ä‡∏±‡πà‡∏á‡∏ô‡πâ‡∏≥‡∏´‡∏ô‡∏±‡∏Å ‡πÄ‡∏£‡∏µ‡∏¢‡∏ö‡∏£‡πâ‡∏≠‡∏¢‡∏Å‡πá‡πÑ‡∏õ‡πÄ‡∏à‡∏≤‡∏∞‡πÄ‡∏•‡∏∑‡∏≠‡∏î‡∏Ç‡∏±‡πâ‡∏ô‡∏ï‡∏≠‡∏ô‡∏ô‡∏µ‡πâ‡πÄ‡∏£‡πá‡∏ß ‡∏à‡∏≤‡∏Å‡∏ô‡∏±‡πâ‡∏ô‡∏£‡∏≠‡∏û‡∏ö‡∏´‡∏°‡∏≠‡∏ã‡∏∂‡πà‡∏á‡∏£‡∏≠‡πÑ‡∏°‡πà‡∏ô‡∏≤‡∏ô ‡πÄ‡∏û‡∏£‡∏≤‡∏∞‡∏°‡∏µ‡∏´‡πâ‡∏≠‡∏á‡∏ï‡∏£‡∏ß‡∏à‡∏Ñ‡πà‡∏≠‡∏ô‡∏Ç‡πâ‡∏≤‡∏á‡πÄ‡∏¢‡∏≠‡∏∞ ‡∏û‡∏ö‡∏´‡∏°‡∏≠‡πÅ‡∏à‡πâ‡∏á‡∏≠‡∏≤‡∏Å‡∏≤‡∏£ ‡∏´‡∏°‡∏≠‡∏ã‡∏±‡∏Å‡∏ñ‡∏≤‡∏°‡πÅ‡∏•‡πâ‡∏ß‡∏™‡∏±‡πà‡∏á‡∏¢‡∏≤ ‡∏≠‡∏≠‡∏Å‡∏°‡∏≤‡∏£‡∏≠‡∏¢‡∏≤ ‡∏Ç‡∏±‡πâ‡∏ô‡∏ï‡∏≠‡∏ô‡∏ô‡∏µ‡πâ‡∏Ñ‡πà‡∏≠‡∏ô‡∏Ç‡πâ‡∏≤‡∏á‡∏ä‡πâ‡∏≤‡πÑ‡∏õ‡∏ô‡∏¥‡∏î ‡∏£‡∏≠‡∏ô‡∏≤‡∏ô ‡πÄ‡∏ô‡∏∑‡πà‡∏≠‡∏á‡∏î‡πâ‡∏ß‡∏¢‡∏à‡∏≥‡∏ô‡∏ß‡∏ô‡∏Ñ‡∏ô‡∏à‡πà‡∏≤‡∏¢ ‡∏¢‡∏≤ ‡∏°‡∏µ 3 ‡∏Ñ‡∏ô ‡πÅ‡∏ï‡πà‡πÑ‡∏°‡πà‡πÅ‡∏ô‡πà‡πÉ‡∏à‡∏ß‡πà‡∏≤‡∏Å‡∏≤‡∏£‡∏à‡∏±‡∏î‡∏¢‡∏≤‡πÇ‡∏î‡∏¢ ‡∏à‡∏ô‡∏ó ‡∏î‡πâ‡∏≤‡∏ô‡∏´‡∏•‡∏±‡∏á ‡∏°‡∏µ‡∏à‡∏≥‡∏ô‡∏ß‡∏ô‡∏Å‡∏µ‡πà‡∏Ñ‡∏ô ‡πÇ‡∏î‡∏ô‡∏£‡∏ß‡∏°‡∏ñ‡∏∑‡∏≠‡∏ß‡πà‡∏≤‡∏î‡∏µ ‡∏ñ‡πâ‡∏≤‡πÑ‡∏°‡πà‡∏ô‡∏±‡∏ö‡∏ï‡∏≠‡∏ô‡∏£‡∏≠‡∏¢‡∏≤,4
‡∏ö‡∏£‡∏¥‡∏Å‡∏≤‡∏£‡∏£‡∏ß‡∏î‡πÄ‡∏£‡πá‡∏ß  ‡∏´‡∏°‡∏≠‡πÅ‡∏•‡∏∞‡∏û‡∏¢‡∏≤‡∏ö‡∏≤‡∏•‡πÉ‡∏™‡πà‡πÉ‡∏à‡∏î‡∏µ‡∏°‡∏≤‡∏Å  ‡πÄ‡∏™‡∏µ‡∏¢‡∏ï‡∏£‡∏á‡∏ó‡∏µ‡πà‡∏à‡∏≠‡∏î‡∏£‡∏ñ‡πÑ‡∏Å‡∏•‡πÑ‡∏õ‡∏´‡∏ô‡πà‡∏≠‡∏¢‡πÅ‡∏ï‡πà‡∏Å‡πá‡∏°‡∏µ‡∏£‡∏ñ‡∏£‡∏±‡∏ö‡∏™‡πà‡∏á‡∏ï‡∏•‡∏≠‡∏î‡πÑ‡∏°‡πà‡∏Ç‡∏≤‡∏î,4
‡∏´‡∏°‡∏≠‡∏°‡∏≤‡∏£‡∏¢‡∏≤‡∏ó‡πÅ‡∏¢‡πà‡∏°‡∏≤‡∏Å ‡πÄ‡∏û‡∏¥‡πà‡∏á‡πÇ‡∏î‡∏ô‡πÅ‡∏°‡∏ß‡∏Å‡∏±‡∏î‡πÑ‡∏õ‡∏â‡∏µ‡∏î‡∏ß‡∏±‡∏Ñ‡∏ã‡∏µ‡∏ô‡∏û‡∏¥‡∏©‡∏™‡∏∏‡∏ô‡∏±‡∏Ç‡∏ö‡πâ‡∏≤ ‡∏´‡∏•‡∏±‡∏á‡∏à‡∏≤‡∏Å‡∏â‡∏µ‡∏î‡∏ß‡∏±‡∏Ñ‡∏ã‡∏µ‡∏ô‡∏°‡∏µ‡∏≠‡∏≤‡∏Å‡∏≤‡∏£‡∏õ‡πà‡∏ß‡∏¢ ‡∏à‡∏∂‡∏á‡πÑ‡∏õ‡∏´‡∏≤‡∏´‡∏°‡∏≠‡∏≠‡∏µ‡∏Å‡∏Ñ‡∏£‡∏±‡πâ‡∏á‡πÄ‡∏û‡∏∑‡πà‡∏≠‡∏™‡∏≠‡∏ö‡∏ñ‡∏≤‡∏°‡∏ß‡πà‡∏≤‡∏ß‡∏±‡∏Ñ‡∏ã‡∏µ‡∏ô‡∏ó‡∏µ‡πà‡∏â‡∏µ‡∏î‡πÑ‡∏õ‡∏à‡∏∞‡πÑ‡∏î‡πâ‡∏ú‡∏•‡∏´‡∏£‡∏∑‡∏≠‡∏õ‡πà‡∏≤‡∏ß ‡∏Å‡∏•‡∏±‡∏ö‡πÇ‡∏î‡∏ô‡∏´‡∏°‡∏≠‡∏ï‡πà‡∏≠‡∏ß‡πà‡∏≤‡∏ß‡πà‡∏≤‡πÑ‡∏£‡πâ‡∏™‡∏≤‡∏£‡∏∞ ‡πÅ‡∏¢‡∏Å‡πÉ‡∏´‡πâ‡∏≠‡∏≠‡∏Å‡∏£‡∏∞‡∏´‡∏ß‡πà‡∏≤‡∏á‡∏õ‡πà‡∏ß‡∏¢‡∏Å‡∏±‡∏ö‡∏ß‡∏±‡∏Ñ‡∏ã‡∏µ‡∏ô ‡πÅ‡∏ï‡πà‡∏ó‡∏µ‡πà‡πÄ‡∏Ñ‡∏¢‡πÄ‡∏£‡∏µ‡∏¢‡∏ô‡∏°‡∏≤‡∏ß‡∏±‡∏Ñ‡∏ã‡∏µ‡∏ô‡∏≠‡∏≤‡∏à‡∏à‡∏∞‡∏ó‡∏≥‡πÉ‡∏´‡πâ‡∏õ‡πà‡∏ß‡∏¢‡πÑ‡∏î‡πâ ‡∏´‡∏°‡∏≠‡πÅ‡∏¢‡πà‡∏°‡∏≤‡∏Å ‡∏à‡πà‡∏≤‡∏¢‡πÅ‡∏Ñ‡πà‡∏¢‡∏≤‡∏û‡∏≤‡∏£‡∏≤ ‡∏ó‡∏±‡πâ‡∏á‡πÜ‡∏ó‡∏µ‡πà‡∏ï‡πà‡∏≠‡∏°‡∏ô‡πâ‡∏≥‡πÄ‡∏´‡∏•‡∏∑‡∏≠‡∏á‡∏ö‡∏£‡∏¥‡πÄ‡∏ß‡∏£‡∏Ñ‡∏≠‡πÇ‡∏ï‡∏°‡∏≤‡∏Å‡πÅ‡∏ï‡πà‡πÑ‡∏°‡πà‡πÑ‡∏î‡πâ‡∏£‡∏±‡∏ö‡∏Å‡∏≤‡∏£‡∏£‡∏±‡∏Å‡∏©‡∏≤ ‡∏à‡πà‡∏≤‡∏¢‡πÅ‡∏Ñ‡πà‡∏¢‡∏≤‡∏•‡∏î‡∏õ‡∏ß‡∏î,3
‡∏õ‡∏Å‡∏ï‡∏¥‡πÄ‡∏õ‡πá‡∏ô‡∏≠‡∏∞‡πÑ‡∏£ ‡∏Å‡πá‡∏à‡∏∞‡πÑ‡∏õ‡∏´‡∏≤‡∏´‡∏°‡∏≠‡πÇ‡∏£‡∏á‡∏û‡∏¢‡∏≤‡∏ö‡∏≤‡∏•‡∏ô‡∏µ‡πâ‡πÄ‡∏õ‡πá‡∏ô‡πÇ‡∏£‡∏á‡∏û‡∏¢‡∏≤‡∏ö‡∏≤‡∏•‡πÄ‡∏≠‡∏Å‡∏ä‡∏ô‡∏ó‡∏µ‡πà‡∏£‡∏≤‡∏Ñ‡∏≤‡πÑ‡∏°‡πà‡∏Ñ‡πà‡∏≠‡∏¢‡πÅ‡∏û‡∏á‡∏°‡∏≤‡∏Å‡∏Ñ‡∏∏‡∏ì‡∏´‡∏°‡∏≠‡∏Å‡πá‡πÄ‡∏õ‡πá‡∏ô‡∏Å‡∏±‡∏ô‡πÄ‡∏≠‡∏á‡∏ï‡∏£‡∏ß‡∏à‡∏£‡∏±‡∏Å‡∏©‡∏≤‡∏î‡∏µ‡∏¢‡∏Å‡πÄ‡∏ß‡πâ‡∏ô‡∏ï‡∏≠‡∏ô‡∏Å‡∏•‡∏≤‡∏á‡∏Ñ‡∏∑‡∏ô‡∏ñ‡πâ‡∏≤‡πÑ‡∏õ‡∏â‡∏∏‡∏Å‡πÄ‡∏â‡∏¥‡∏ô‡∏´‡∏°‡∏≠‡∏ó‡∏µ‡πà‡∏ï‡∏£‡∏ß‡∏à‡πÑ‡∏°‡πà‡∏Ñ‡πà‡∏≠‡∏¢‡∏î‡∏µ‡πÄ‡∏ó‡πà‡∏≤‡πÑ‡∏£‡∏£‡∏ß‡∏°‡πÑ‡∏õ‡∏ñ‡∏∂‡∏á‡∏û‡∏¢‡∏≤‡∏ö‡∏≤‡∏•‡∏ó‡∏≥‡∏Å‡∏±‡∏ö‡∏Ñ‡∏ô‡πÉ‡∏Ç‡πâ‡∏¢‡∏±‡∏á‡∏Å‡∏±‡∏ö‡∏°‡∏≤‡∏£‡∏≠‡∏≠‡∏∞‡πÑ‡∏£‡πÑ‡∏°‡πà‡∏£‡∏π‡πâ‡∏ó‡∏±‡πâ‡∏á‡∏ä‡πâ‡∏≤‡∏ó‡∏±‡πâ‡∏á‡∏ô‡πà‡∏≤‡πÄ‡∏ö‡∏∑‡πà‡∏≠ ‡πÄ‡∏õ‡πá‡∏ô‡∏≠‡∏∞‡πÑ‡∏£‡πÑ‡∏õ‡∏ï‡∏≠‡∏ô‡πÄ‡∏ä‡πâ‡∏≤‡∏Ñ‡∏∞‡πÅ‡∏ô‡∏∞‡∏ô‡∏≥‡πÄ‡∏•‡∏¢,3
‡∏û‡∏ô‡∏±‡∏Å‡∏á‡∏≤‡∏ô‡∏î‡∏π‡πÅ‡∏•‡πÅ‡∏•‡∏∞‡∏ï‡πâ‡∏≠‡∏ô‡∏±‡∏ö‡πÄ‡∏õ‡πá‡∏ô‡∏≠‡∏¢‡πà‡∏≤‡∏á‡∏î‡∏µ ‡∏ï‡∏≠‡∏ö‡∏Ç‡πâ‡∏≠‡∏ã‡∏±‡∏Å‡∏ñ‡∏≤‡∏°‡πÑ‡∏î‡πâ‡∏Ñ‡πà‡∏∞,5
‡∏™‡∏∞‡∏î‡∏ß‡∏Å‡∏™‡∏ö‡∏≤‡∏¢ ‡∏£‡∏ß‡∏î‡πÄ‡∏£‡πá‡∏ß ‡∏ö‡∏£‡∏¥‡∏Å‡∏≤‡∏£‡∏î‡∏µ ‡∏ß‡∏¥‡∏ô‡∏¥‡∏à‡∏â‡∏±‡∏¢‡πÇ‡∏£‡∏Ñ‡∏•‡∏∞‡πÄ‡∏≠‡∏µ‡∏¢‡∏î,4
‡∏û‡∏∂‡πà‡∏á‡πÑ‡∏õ‡∏Ñ‡∏•‡∏≠‡∏î‡∏ô‡πâ‡∏≠‡∏á‡∏°‡∏≤‡∏ó‡∏µ‡πà ‡∏£‡∏û.‡∏¢‡∏±‡∏ô‡∏Æ‡∏µ ‡πÅ‡∏û‡∏ó‡∏¢‡πå‡∏û‡∏¢‡∏≤‡∏ö‡∏≤‡∏•‡∏î‡∏π‡πÅ‡∏•‡πÄ‡∏≠‡∏≤‡πÉ‡∏à‡πÉ‡∏™‡πà‡∏î‡∏µ‡∏Ñ‡πà‡∏∞ ‡πÅ‡∏•‡∏∞‡∏ó‡∏µ‡πà‡∏™‡∏≥‡∏Ñ‡∏±‡∏ç‡πÅ‡∏ú‡∏•‡∏ú‡πà‡∏≤‡∏Ñ‡∏•‡∏≠‡∏î‡∏Ñ‡∏∏‡∏ì‡∏´‡∏°‡∏≠‡πÄ‡∏¢‡πá‡∏ö‡πÅ‡∏ú‡∏•‡∏™‡∏ß‡∏¢‡∏°‡∏≤‡∏Å‡πÅ‡∏ó‡∏ö‡∏à‡∏∞‡πÑ‡∏°‡πà‡πÄ‡∏´‡πá‡∏ô‡∏•‡∏≠‡∏¢‡πÅ‡∏ú‡∏•‡πÄ‡∏•‡∏¢‡∏Ñ‡πà‡∏∞,5
‡πÇ‡∏£‡∏á‡∏û‡∏¢‡∏≤‡∏ö‡∏≤‡∏•‡∏¢‡∏±‡∏ô‡∏Æ‡∏µ‡∏Ñ‡πà‡∏∞ ‡∏õ‡∏£‡∏∞‡∏ó‡∏±‡∏ö‡πÉ‡∏à‡∏°‡∏≤‡∏Å ‡∏ö‡∏∏‡∏Ñ‡∏•‡∏≤‡∏Å‡∏£‡∏ó‡∏µ‡πà‡∏ô‡∏µ‡πà‡∏ô‡πà‡∏≤‡∏£‡∏±‡∏Å ‡∏ö‡∏£‡∏¥‡∏Å‡∏≤‡∏£‡∏î‡∏µ‡∏™‡∏∏‡∏î‡πÜ ‡∏Å‡∏≤‡∏£‡∏û‡∏π‡∏î‡∏Å‡∏≤‡∏£‡∏à‡∏≤ ‡∏Å‡∏≤‡∏£‡∏î‡∏π‡πÅ‡∏•‡πÄ‡∏≠‡∏≤‡πÉ‡∏à‡πÉ‡∏™‡πà‡∏î‡∏µ‡∏°‡∏≤‡∏Å ‡πÄ‡∏ó‡πà‡∏≤‡∏ó‡∏µ‡πà‡∏£‡∏±‡∏Å‡∏©‡∏≤‡πÇ‡∏£‡∏á‡∏û‡∏¢‡∏≤‡∏ö‡∏≤‡∏•‡∏≠‡∏∑‡πà‡∏ô‡πÜ‡∏°‡∏≤ ‡∏à‡∏ô‡πÑ‡∏î‡πâ‡∏°‡∏≤‡∏£‡∏±‡∏Å‡∏©‡∏≤‡∏ó‡∏µ‡πà‡∏¢‡∏±‡∏ô‡∏Æ‡∏µ ‡∏õ‡∏£‡∏∞‡∏ó‡∏±‡∏ö‡πÉ‡∏à‡∏Å‡∏±‡∏ö‡∏ó‡∏µ‡πà‡∏ô‡∏µ‡πà‡∏ó‡∏µ‡πà‡∏™‡∏∏‡∏î‡πÅ‡∏•‡πâ‡∏ß ‡∏£‡∏ß‡∏î‡πÄ‡∏£‡πá‡∏ß ‡∏™‡∏∞‡∏î‡∏ß‡∏Å ‡∏™‡∏∞‡∏ö‡∏≤‡∏¢ ‡∏Ñ‡∏£‡∏ö‡∏ß‡∏á‡∏à‡∏£,5
‡πÑ‡∏õ‡πÅ‡∏•‡πâ‡∏ß‡∏£‡∏≠‡∏Ñ‡∏¥‡∏ß‡∏ô‡∏≤‡∏ô ‡∏ä‡πâ‡∏≤‡∏ö‡∏£‡∏¥‡∏Å‡∏≤‡∏£‡∏î‡∏µ‡πÅ‡∏ï‡πà‡∏°‡∏µ‡∏Ñ‡∏ß‡∏≤‡∏°‡∏•‡πà‡∏≤‡∏ä‡πâ‡∏≤‡∏ó‡∏±‡πâ‡∏á‡∏ï‡∏≠‡∏ô‡∏£‡∏≠‡∏ï‡∏£‡∏ß‡∏à‡πÅ‡∏•‡∏∞‡∏ï‡∏≠‡∏ô‡∏£‡∏±‡∏ö‡∏¢‡∏≤ ‡∏ä‡πâ‡∏≤‡∏°‡∏≤‡∏Å‡∏Ñ‡πà‡∏∞‡∏ï‡πâ‡∏≠‡∏á‡∏•‡∏≤‡∏á‡∏≤‡∏ô‡∏ó‡∏±‡πâ‡∏á‡∏ß‡∏±‡∏ô‡πÄ‡∏û‡∏∑‡πà‡∏≠‡πÑ‡∏õ‡∏´‡∏≤‡∏´‡∏°‡∏î‡πÄ‡∏•‡∏¢‡∏ô‡∏µ‡πà‡∏Ç‡∏ô‡∏≤‡∏î‡πÄ‡∏õ‡πá‡∏ô‡∏Å‡∏£‡∏ì‡∏µ‡∏ô‡∏±‡∏î‡∏ï‡∏≤‡∏°‡∏õ‡∏Å‡∏ï‡∏¥‡∏ô‡∏∞‡∏Ñ‡∏∞‡πÑ‡∏°‡πà‡πÑ‡∏î‡πâ‡∏õ‡πà‡∏ß‡∏¢‡∏´‡∏£‡∏∑‡∏≠‡∏õ‡∏£‡∏∞‡∏™‡∏ö‡∏≠‡∏∏‡∏ö‡∏±‡∏ï‡∏¥‡πÄ‡∏´‡∏ï‡∏∏,3
‡πÑ‡∏õ‡∏ù‡∏≤‡∏Å‡∏Ñ‡∏£‡∏£‡∏†‡πå‡∏ó‡∏µ‡πà‡πÇ‡∏£‡∏á‡∏û‡∏¢‡∏≤‡∏ö‡∏≤‡∏•‡∏ô‡∏µ‡πâ‡∏Ñ‡πà‡∏∞ ‡∏Å‡∏≤‡∏£‡∏ö‡∏£‡∏¥‡∏Å‡∏≤‡∏£‡∏î‡∏µ‡∏Ñ‡πà‡∏∞ ‡∏û‡∏¢‡∏≤‡∏ö‡∏≤‡∏•‡∏û‡∏π‡∏î‡∏à‡∏∞‡πÄ‡∏û‡∏£‡∏≤‡∏∞‡∏¢‡∏¥‡πâ‡∏°‡πÅ‡∏¢‡πâ‡∏° ‡πÅ‡∏•‡∏∞‡∏´‡∏°‡∏≠‡∏ó‡∏µ‡πà‡∏ù‡∏≤‡∏Å‡∏Ñ‡∏£‡∏£‡∏†‡πå‡∏Å‡πá‡πÉ‡∏´‡πâ‡∏Ñ‡∏≥‡∏õ‡∏£‡∏∂‡∏Å‡∏©‡∏≤‡∏î‡∏µ‡∏Ñ‡πà‡∏∞,5
‡∏Ñ‡∏∑‡∏≠‡∏™‡∏¥‡πà‡∏á‡πÅ‡∏£‡∏Å‡∏ó‡∏µ‡πà‡∏ú‡∏°‡πÄ‡∏•‡∏∑‡πÅ‡∏Å‡πÇ‡∏£‡∏á‡∏û‡∏¢‡∏≤‡∏ö‡∏≤‡∏•‡∏¢‡∏±‡∏ô‡∏Æ‡∏µ. ‡∏Ñ‡∏∑‡∏≠. ‡∏Å‡∏≤‡∏£‡∏ö‡∏£‡∏¥‡∏Å‡∏≤‡∏£. ‡∏Ñ‡∏ß‡∏≤‡∏°‡∏™‡∏∞‡∏≠‡∏≤‡∏î. ‡∏Å‡∏≤‡∏£‡πÄ‡∏≠‡∏≤‡πÉ‡∏à‡πÉ‡∏™‡πà‡∏Ñ‡∏ô‡πÑ‡∏Ç‡πâ. ‡∏Ñ‡∏∑‡∏≠ ‡∏à‡∏∞‡∏ö‡∏≠‡∏Å‡∏ß‡πà‡∏≤‡πÑ‡∏á. ‡∏î‡∏µ‡∏ó‡∏µ‡πÄ‡∏î‡∏µ‡∏¢‡∏ß ‡πÄ‡∏£‡πá‡∏ß ‡∏™‡∏∞‡∏î‡∏ß‡∏Å ‡∏™‡∏∞‡∏ö‡∏≤‡∏¢ ‡πÅ‡∏•‡∏∞‡∏û‡∏¢‡∏≤‡∏ö‡∏≤‡∏•‡∏Å‡πá‡∏î‡∏π‡πÅ‡∏•‡πÄ‡∏≠‡∏≤‡πÉ‡∏à‡πÉ‡∏™‡∏™‡∏≠‡∏ö‡∏ñ‡∏≤‡∏°‡∏ó‡∏∏‡∏Å‡∏≠‡∏¢‡πà‡∏≤‡∏á‡πÄ‡∏•‡∏¢‡∏Ñ‡∏£‡∏±‡∏ö,1
‡∏™‡∏¥‡∏ó‡∏ò‡∏¥‡πå‡∏õ‡∏£‡∏∞‡∏Å‡∏±‡∏ô‡∏™‡∏±‡∏á‡∏Ñ‡∏° ‡∏Ñ‡∏∏‡∏ì‡∏´‡∏°‡∏≠‡∏ö‡∏≤‡∏á‡∏ó‡πà‡∏≤‡∏ô‡πÑ‡∏°‡πà‡∏ï‡∏£‡∏ß‡∏à‡πÑ‡∏°‡πà‡∏•‡∏∞‡πÄ‡∏≠‡∏µ‡∏¢‡∏î‡πÄ‡∏ó‡πà‡∏≤‡πÑ‡∏´‡∏£‡πà‡∏Ñ‡πà‡∏∞ ‡πÅ‡∏ï‡πà‡∏ö‡∏≤‡∏á‡∏ó‡πà‡∏≤‡∏ô‡∏™‡∏≠‡∏ö‡∏ñ‡∏≤‡∏°‡∏•‡∏∞‡πÄ‡∏≠‡∏µ‡∏¢‡∏î‡∏°‡∏≤‡∏Å ‡πÅ‡∏ï‡πà‡∏Å‡πá‡∏¢‡∏±‡∏á‡∏Ñ‡∏á‡∏°‡∏µ‡∏°‡∏≤‡∏ï‡∏£‡∏ê‡∏≤‡∏ô‡∏ô‡πà‡∏≤‡πÉ‡∏ä‡πâ‡∏ö‡∏£‡∏¥‡∏Å‡∏≤‡∏£‡∏≠‡∏¢‡∏π‡πà‡∏Ñ‡πà‡∏∞,4
‡∏ä‡∏≠‡∏ö‡∏Å‡∏≤‡∏£‡∏ö‡∏£‡∏¥‡∏Å‡∏≤‡∏£‡∏ó‡∏µ‡πà‡∏ó‡∏≤‡∏á‡∏£‡∏û.‡∏°‡∏µ‡πÉ‡∏´‡πâ‡πÄ‡∏™‡∏°‡∏≠‡∏ï‡πâ‡∏ô‡πÄ‡∏™‡∏°‡∏≠‡∏õ‡∏•‡∏≤‡∏¢‡πÑ‡∏°‡πà‡∏°‡∏µ‡πÄ‡∏õ‡∏•‡∏µ‡πà‡∏¢‡∏ô‡πÅ‡∏õ‡∏•‡∏á‡∏ô‡∏≤‡∏ô‡∏°‡∏≤‡∏Å‡πÅ‡∏•‡πâ‡∏ß‡πÄ‡∏Ñ‡∏¢‡∏û‡∏≤‡∏ô‡πâ‡∏≤‡∏™‡∏≤‡∏ß‡πÑ‡∏õ‡∏ó‡∏≥‡∏®‡∏±‡∏¢‡∏Å‡∏£‡∏£‡∏°‡∏ö‡∏£‡∏¥‡∏Å‡∏≤‡∏£‡∏î‡∏µ‡∏°‡∏≤‡∏Å‡∏õ‡∏±‡∏à‡∏à‡∏∏‡∏ö‡∏±‡∏ô‡∏ï‡∏±‡∏ß‡πÄ‡∏≠‡∏á‡πÉ‡∏ä‡πâ‡∏™‡∏¥‡∏ó‡∏ò‡∏¥‡∏õ‡∏£‡∏∞‡∏Å‡∏±‡∏ô‡∏™‡∏±‡∏á‡∏Ñ‡∏°‡πÉ‡∏ä‡πâ‡∏°‡∏≤‡∏ô‡∏≤‡∏ô‡πÑ‡∏°‡πà‡πÄ‡∏Ñ‡∏¢‡πÄ‡∏õ‡∏•‡∏µ‡πà‡∏¢‡∏ô‡πÄ‡∏Ñ‡πâ‡∏≤‡πÉ‡∏™‡πà‡πÉ‡∏à‡πÄ‡∏£‡∏≤‡∏°‡πà‡∏∞‡πÑ‡∏î‡πâ‡πÄ‡∏•‡∏∑‡∏≠‡∏Å‡∏ö‡∏£‡∏¥‡∏Å‡∏≤‡∏£(‡πÄ‡∏´‡∏°‡∏∑‡∏≠‡∏ô‡∏ö‡∏≤‡∏á‡πÅ‡∏´‡πà‡∏á)‡∏õ‡∏ß‡∏î‡∏ó‡πâ‡∏≠‡∏á‡πÄ‡∏Ñ‡πâ‡∏≤‡∏Å‡πâ‡∏≠‡πÉ‡∏™‡πà‡πÉ‡∏à‡∏´‡∏ô‡πâ‡∏≤‡∏ã‡∏µ‡∏î‡πÑ‡∏´‡∏ß‡πÑ‡∏´‡∏°‡∏Ñ‡πà‡∏∞‡πÄ‡∏≠‡∏≤‡∏£‡∏ñ‡πÄ‡∏Ç‡πá‡∏ô‡πÑ‡∏´‡∏°‡∏û‡∏ô‡∏±‡∏Å‡∏á‡∏≤‡∏ô‡∏ö‡∏£‡∏¥‡∏Å‡∏≤‡∏£‡∏î‡∏µ‡∏°‡∏≤‡∏Å‡πÉ‡∏™‡πà‡πÉ‡∏à‡πÅ‡∏•‡∏∞‡∏¢‡∏¥‡πâ‡∏°‡πÄ‡∏™‡∏°‡∏≠‡∏™‡∏≥‡∏´‡∏£‡∏±‡∏ö‡∏õ‡∏∞‡∏ä‡∏≤‡∏ä‡∏ô‡∏≠‡∏¢‡πà‡∏≤‡∏á‡πÄ‡∏£‡∏≤‡∏ó‡∏µ‡πà‡∏ï‡∏±‡∏á‡∏ô‡πâ‡∏≠‡∏¢‡∏ä‡∏≠‡∏ö‡πÉ‡∏ô‡∏ö‡∏£‡∏¥‡∏Å‡∏≤‡∏£‡∏Ç‡∏≠‡πÉ‡∏´‡πâ‡πÄ‡∏õ‡πá‡∏ô‡πÅ‡∏ö‡∏ö‡∏ô‡∏µ‡πâ‡∏ï‡∏•‡∏≠‡∏î‡∏ô‡∏∞‡∏Ñ‡πà‡∏∞#like... ‡πÄ‡∏•‡∏¢‡∏¢‡∏±‡∏ô‡∏Æ‡∏µüíìüíìüíì,5
‡∏î‡∏¥‡∏â‡∏±‡∏ô‡πÄ‡∏û‡∏¥‡πà‡∏á‡πÑ‡∏î‡πâ‡∏£‡∏±‡∏ö‡∏Å‡∏≤‡∏£‡∏ú‡πà‡∏≤‡∏ï‡∏±‡∏î‡∏ñ‡∏∏‡∏á‡∏ô‡πâ‡∏≥‡∏ó‡∏µ‡πà‡∏£‡∏±‡∏á‡πÑ‡∏Ç‡πà‡∏ï‡∏≠‡∏ô‡∏ó‡∏µ‡πà‡∏î‡∏¥‡∏â‡∏±‡∏ô‡∏ó‡πâ‡∏≠‡∏á‡πÑ‡∏î‡πâ5‡πÄ‡∏î‡∏∑‡∏≠‡∏ô ‡πÅ‡∏•‡∏∞‡∏î‡∏¥‡∏â‡∏±‡∏ô‡∏Å‡πá‡πÉ‡∏ä‡πâ‡∏õ‡∏£‡∏∞‡∏Å‡∏±‡∏ô‡∏™‡∏±‡∏á‡∏Ñ‡∏°‡πÉ‡∏ô‡∏Å‡∏≤‡∏£‡∏£‡∏±‡∏Å‡∏©‡∏≤ ‡πÅ‡∏ï‡πà‡∏Ñ‡∏∏‡∏ì‡∏´‡∏°‡∏≠‡∏Å‡πá‡∏î‡∏π‡πÅ‡∏•‡∏î‡∏µ‡∏ó‡∏∏‡∏Å‡∏≠‡∏¢‡πà‡∏≤‡∏á‡πÄ‡∏´‡∏°‡∏∑‡∏≠‡∏ô‡∏Ñ‡∏ô‡∏õ‡πà‡∏ß‡∏¢‡∏ó‡∏µ‡πà‡∏à‡πà‡∏≤‡∏¢‡πÄ‡∏á‡∏¥‡∏ô‡∏ó‡∏±‡πà‡∏ß‡πÑ‡∏õ‡πÇ‡∏î‡∏¢‡∏ó‡∏µ‡πà‡πÑ‡∏°‡πà‡πÅ‡∏ö‡πà‡∏á‡πÅ‡∏¢‡∏Å ‡∏Ñ‡∏∏‡∏ì‡∏û‡∏¢‡∏≤‡∏ö‡∏≤‡∏•‡∏Å‡πá‡∏û‡∏π‡∏î‡∏à‡∏≤‡∏î‡∏µ‡πÅ‡∏•‡∏∞‡∏î‡∏π‡πÅ‡∏•‡∏≠‡∏¢‡πà‡∏≤‡∏á‡∏î‡∏µ ‡∏ï‡∏≠‡∏ô‡πÅ‡∏£‡∏Å‡∏î‡∏¥‡∏â‡∏±‡∏ô‡∏Ñ‡∏¥‡∏î‡∏ß‡πà‡∏≤‡∏ú‡πà‡∏≤‡∏ï‡∏±‡∏î‡πÄ‡∏™‡∏£‡πá‡∏à‡∏Å‡πá‡∏à‡∏∞‡∏¢‡πâ‡∏≤‡∏¢‡∏Å‡∏•‡∏±‡∏ö‡πÑ‡∏õ‡∏Ñ‡∏•‡∏≠‡∏î‡∏ó‡∏µ‡πà‡∏ö‡πâ‡∏≤‡∏ô ‡πÅ‡∏ï‡πà‡∏î‡∏¥‡∏â‡∏±‡∏ô‡πÄ‡∏´‡πá‡∏ô‡∏ß‡πà‡∏≤‡∏ó‡∏≤‡∏á‡πÇ‡∏£‡∏á‡∏û‡∏¢‡∏≤‡∏ö‡∏≤‡∏•‡∏î‡∏π‡πÅ‡∏•‡∏Ñ‡∏ô‡πÑ‡∏Ç‡πâ‡∏î‡∏µ‡∏°‡∏≤‡∏Å ‡∏î‡∏¥‡∏â‡∏±‡∏ô‡∏à‡∏∂‡∏á‡∏ù‡∏≤‡∏Å‡∏Ñ‡∏£‡∏£‡∏†‡πå‡∏ó‡∏µ‡πà‡πÇ‡∏£‡∏á‡∏û‡∏¢‡∏≤‡∏ö‡∏≤‡∏•‡∏¢‡∏±‡∏•‡∏Æ‡∏µ‡πÅ‡∏•‡∏∞‡πÄ‡∏•‡∏∑‡∏≠‡∏Å‡∏´‡∏°‡∏≠‡∏ó‡∏µ‡πà‡∏ú‡πà‡∏≤‡∏ï‡∏±‡∏î‡∏î‡∏¥‡∏â‡∏±‡∏ô‡πÄ‡∏û‡∏∑‡πà‡∏≠‡∏ù‡∏≤‡∏Å‡∏à‡∏∞‡∏ù‡∏≤‡∏Å‡∏Ñ‡∏£‡∏£‡∏†‡πå‡∏ï‡πà‡∏≠‡∏Ñ‡πà‡∏∞,5
"‡∏à‡∏∏‡∏î‡πÄ‡∏î‡πà‡∏ô‡∏Ñ‡∏∑‡∏≠ ""‡∏°‡∏µ‡∏ó‡∏µ‡πà‡∏Ñ‡∏ô‡∏≠‡∏∑‡πà‡∏ô‡πÑ‡∏°‡πà‡∏°‡∏µ"" ‡πÉ‡∏ô‡∏Å‡∏£‡∏ì‡∏µ‡∏Ç‡πâ‡∏≤‡∏û‡πÄ‡∏à‡πâ‡∏≤ ‡∏Ñ‡∏∑‡∏≠ ""‡∏´‡∏°‡∏≠‡∏ü‡∏±‡∏ô 24 ‡∏ä‡∏±‡πà‡∏ß‡πÇ‡∏°‡∏á"" ‡πÄ‡∏ô‡∏∑‡πà‡∏≠‡∏á‡∏à‡∏≤‡∏Å‡∏Ñ‡∏∑‡∏ô‡∏ô‡∏±‡πâ‡∏ô‡∏õ‡∏£‡∏∞‡∏™‡∏ö‡∏≠‡∏∏‡∏ö‡∏±‡∏ï‡∏¥‡πÄ‡∏´‡∏ï‡∏∏ ‡∏õ‡∏ß‡∏î‡∏ü‡∏±‡∏ô‡∏°‡∏≤‡∏Å ‡πÑ‡∏õ‡πÇ‡∏£‡∏á‡∏ö‡∏≤‡∏•‡∏≠‡∏∑‡πà‡∏ô‡∏´‡∏°‡∏≠‡∏ü‡∏±‡∏ô‡∏Å‡πá‡∏õ‡∏¥‡∏î‡πÅ‡∏ú‡∏ô‡∏Å‡πÅ‡∏•‡πâ‡∏ß ‡∏Å‡πá‡∏°‡∏µ‡∏ó‡∏µ‡πà‡∏ô‡∏µ‡πà‡πÅ‡∏´‡∏•‡∏∞ ‡∏ó‡∏µ‡πà‡πÅ‡∏û‡∏ó‡∏¢‡πå‡πÄ‡∏â‡∏û‡∏≤‡∏∞‡∏ó‡∏≤‡∏á‡∏¢‡∏±‡∏á‡∏≠‡∏¢‡∏π‡πà ‡πÅ‡∏°‡πâ‡∏à‡∏∞‡∏≠‡∏¢‡∏π‡πà‡πÑ‡∏Å‡∏•‡∏ö‡πâ‡∏≤‡∏ô ‡πÅ‡∏ï‡πà ‡∏ì ‡πÄ‡∏ß‡∏•‡∏≤‡∏ó‡∏µ‡πà‡∏õ‡∏ß‡∏î‡∏ü‡∏±‡∏ô‡∏™‡∏∏‡∏î‡πÜ ‡∏ô‡∏±‡πâ‡∏ô ‡∏¢‡∏±‡∏ô‡∏Æ‡∏µ‡∏Ñ‡∏∑‡∏≠‡∏ó‡∏µ‡πà‡∏û‡∏∂‡πà‡∏á‡∏™‡∏∏‡∏î‡πÜ ‡πÑ‡∏õ‡∏ñ‡∏∂‡∏á‡πÇ‡∏£‡∏á‡∏ö‡∏≤‡∏•‡πÄ‡∏Å‡∏∑‡∏≠‡∏ö‡πÄ‡∏ó‡∏µ‡πà‡∏¢‡∏á‡∏Ñ‡∏∑‡∏ô ‡πÄ‡∏à‡∏≠‡∏´‡∏°‡∏≠‡∏ü‡∏±‡∏ô‡∏ô‡πà‡∏≤‡∏£‡∏±‡∏Å ‡∏ä‡πà‡∏ß‡∏¢‡πÄ‡∏´‡∏•‡∏∑‡∏≠‡∏≠‡∏¢‡πà‡∏≤‡∏á‡∏ó‡∏±‡∏ô‡∏ó‡πà‡∏ß‡∏á‡∏ó‡∏µ ‡∏î‡∏µ‡πÉ‡∏à‡πÅ‡∏•‡∏∞‡∏ã‡∏∂‡πâ‡∏á‡πÉ‡∏à‡∏°‡∏≤‡∏Å ‡πÅ‡∏ñ‡∏°‡∏Ñ‡πà‡∏≤‡∏£‡∏±‡∏Å‡∏©‡∏≤‡∏¢‡∏±‡∏á‡πÑ‡∏°‡πà‡∏ü‡∏±‡∏ô‡∏´‡∏±‡∏ß‡πÅ‡∏ö‡∏∞ ‡∏î‡∏±‡∏á‡∏ô‡∏±‡πâ‡∏ô ‡∏≠‡∏¢‡∏≤‡∏Å‡πÉ‡∏´‡πâ‡πÇ‡∏£‡∏á‡∏ö‡∏≤‡∏•‡∏≠‡∏∑‡πà‡∏ô‡πÜ ‡∏°‡∏µ‡∏´‡∏°‡∏≠‡∏ü‡∏±‡∏ô‡∏ï‡∏≠‡∏ô‡∏Å‡∏•‡∏≤‡∏á‡∏Ñ‡∏∑‡∏ô ‡πÄ‡∏´‡∏°‡∏∑‡∏≠‡∏ô‡∏ó‡∏µ‡πà‡∏ô‡∏µ‡πà‡∏ö‡πâ‡∏≤‡∏á ‡∏Ñ‡∏ô‡∏™‡∏≠‡∏á‡∏Ñ‡∏ô‡∏Å‡πá‡∏¢‡∏±‡∏á‡∏î‡∏µ (‡∏≠‡∏¢‡πà‡∏≤‡∏á‡∏ô‡πâ‡∏≠‡∏¢‡∏à‡∏±‡∏á‡∏´‡∏ß‡∏±‡∏î‡∏•‡∏∞ 2 ‡πÇ‡∏£‡∏á‡∏ö‡∏≤‡∏•‡∏Å‡πá‡∏¢‡∏±‡∏á‡∏î‡∏µ) ‡πÄ‡∏û‡∏£‡∏≤‡∏∞‡∏õ‡∏ß‡∏î‡∏ü‡∏±‡∏ô‡∏°‡∏±‡∏ô‡∏ó‡∏£‡∏°‡∏≤‡∏ô‡∏™‡∏∏‡∏î‡πÜ ‡πÅ‡∏•‡∏∞‡πÑ‡∏°‡πà‡πÄ‡∏•‡∏∑‡∏≠‡∏Å‡πÄ‡∏ß‡∏•‡∏≤‡πÑ‡∏°‡πà‡πÑ‡∏î‡πâ ‡πÑ‡∏≠‡πâ‡∏Ñ‡∏£‡∏±‡πâ‡∏ô‡∏à‡∏∞‡∏£‡∏≠‡∏≠‡∏µ‡∏Å‡∏ß‡∏±‡∏ô‡πÅ‡∏Ñ‡πà‡∏Ñ‡∏¥‡∏î‡∏Å‡πá‡∏õ‡∏ß‡∏î‡∏à‡∏ô‡∏à‡∏∞‡πÄ‡∏õ‡πá‡∏ô‡∏•‡∏°‡πÅ‡∏•‡πâ‡∏ß‡∏ô‡∏∞‡∏à‡πä‡∏∞",4
‡πÄ‡∏•‡∏∑‡∏≠‡∏Å‡∏ó‡∏≥‡∏ü‡∏±‡∏ô‡∏ó‡∏µ‡πà‡∏ô‡∏µ‡πà‡πÑ‡∏°‡πà‡πÄ‡∏õ‡∏•‡∏µ‡πà‡∏¢‡∏ô‡πÉ‡∏à‡πÑ‡∏õ‡πÑ‡∏´‡∏ô ‡∏à‡πà‡∏≤‡∏¢‡∏°‡∏≤‡∏Å‡∏Å‡∏ß‡πà‡∏≤‡∏Ñ‡∏•‡∏¥‡∏ô‡∏¥‡∏Å‡πÑ‡∏°‡πà‡∏°‡∏≤‡∏Å‡πÅ‡∏ï‡πà‡∏ú‡∏•‡∏ó‡∏µ‡πà‡πÑ‡∏î‡πâ‡∏ô‡∏±‡πâ‡∏ô‡∏Ñ‡∏∏‡πâ‡∏°‡∏Å‡∏ß‡πà‡∏≤‡∏à‡∏£‡∏¥‡∏á‡πÜ ‡∏Ñ‡∏∏‡∏ì‡∏´‡∏°‡∏≠‡∏î‡∏π‡πÅ‡∏•‡∏î‡∏µ‡∏°‡∏≤‡∏Å‡πÜ‡∏Ñ‡πà‡∏∞,5
‡∏ï‡∏≠‡∏ô‡πÅ‡∏£‡∏Å‡πÑ‡∏õ‡πÅ‡∏ö‡∏ö ‡∏Ñ‡∏ô‡∏≠‡∏∑‡πà‡∏ô‡∏ö‡∏≠‡∏Å‡πÑ‡∏°‡πà‡∏î‡∏µ‡πÜ ‡∏õ‡∏ß‡∏î‡∏ó‡πâ‡∏¥‡∏á‡πÉ‡∏´‡πâ‡∏¢‡∏≤‡∏û‡∏≤‡∏£‡∏≤‡∏°‡∏≤ ‡∏î‡πâ‡∏ß‡∏¢‡∏Ñ‡∏ß‡∏≤‡∏°‡∏ó‡∏µ‡πà‡πÑ‡∏°‡πà‡πÄ‡∏ä‡∏∑‡πà‡∏≠‡πÅ‡∏•‡∏∞‡πÉ‡∏Å‡∏•‡πâ‡∏ö‡πâ‡∏≤‡∏ô ‡πÄ‡∏•‡∏¢‡πÑ‡∏õ ‡πÅ‡∏ï‡πà‡πÑ‡∏°‡πà‡πÄ‡∏´‡∏ô‡πÄ‡∏´‡∏°‡∏∑‡∏≠‡∏ô‡∏ó‡∏µ‡πà‡∏Ñ‡∏ô‡∏≠‡∏∑‡πà‡∏ô‡∏û‡∏π‡∏î‡πÄ‡∏•‡∏¢ ‡∏ö‡∏£‡∏¥‡∏Å‡∏≤‡∏£‡∏î‡∏µ‡∏°‡∏≤‡∏Å‡∏ï‡∏≠‡∏ô‡∏£‡∏±‡∏ö‡∏î‡∏µ‡πÄ‡∏ó‡∏Ñ‡πÅ‡∏Ñ‡∏£‡πå‡∏Ñ‡∏ô‡πÑ‡∏Ç‡πâ‡∏ï‡∏•‡∏≠‡∏î ‡πÅ‡∏à‡πâ‡∏á‡∏≠‡∏∞‡πÑ‡∏£‡πÑ‡∏õ‡∏Ñ‡∏∏‡∏ì‡∏´‡∏°‡∏≠‡∏£‡∏±‡∏ö‡∏ó‡∏£‡∏≤‡∏ö‡∏´‡∏°‡∏î ‡πÇ‡∏î‡∏¢‡∏£‡∏ß‡∏°‡πÇ‡∏≠‡πÄ‡∏Ñ‡∏Ñ‡πà‡∏∞,5
‡∏Ñ‡∏•‡∏≠‡∏î‡∏ö‡∏∏‡∏ï‡∏£‡∏ó‡∏µ‡πà‡πÇ‡∏£‡∏á‡∏û‡∏¢‡∏≤‡∏ö‡∏≤‡∏•‡∏Ñ‡∏∏‡∏ì‡∏´‡∏°‡∏≠‡πÉ‡∏´‡πâ‡∏Å‡∏≤‡∏£‡∏£‡∏±‡∏Å‡∏©‡∏≤‡πÅ‡∏•‡∏∞‡πÅ‡∏ô‡∏∞‡∏ô‡∏≥ ‡∏î‡∏π‡πÅ‡∏•‡∏≠‡∏¢‡πà‡∏≤‡∏á‡∏î‡∏µ‡∏°‡∏≤‡∏Å ‡∏û‡∏¢‡∏≤‡∏ö‡∏≤‡∏•‡πÉ‡∏™‡πà‡πÉ‡∏à‡∏ó‡∏∏‡∏Å‡∏£‡∏≤‡∏¢‡∏•‡∏∞‡πÄ‡∏≠‡∏µ‡∏¢‡∏î ‡∏£‡∏≠‡∏Ñ‡∏¥‡∏ß‡πÑ‡∏°‡πà‡∏•‡πà‡∏≤‡∏ä‡πâ‡∏≤ ‡∏õ‡∏£‡∏∞‡∏ó‡∏±‡∏ö‡πÉ‡∏à‡∏™‡∏∏‡∏î‡πÜ ‡∏ñ‡∏∂‡∏á‡πÅ‡∏ú‡∏ô‡∏Å‡∏ó‡∏µ‡πà‡∏ï‡πâ‡∏≠‡∏á‡∏û‡∏≤‡∏•‡∏π‡∏Å‡∏°‡∏≤‡∏£‡∏±‡∏ö‡∏ß‡∏±‡∏Ñ‡∏ã‡∏µ‡∏ô ‡∏Å‡πá‡∏î‡∏π‡πÅ‡∏•‡πÄ‡∏õ‡πá‡∏ô‡∏≠‡∏¢‡πà‡∏≤‡∏á‡∏î‡∏µ,5
‡∏´‡∏°‡∏≠‡∏ô‡πà‡∏≤‡∏£‡∏±‡∏Å ‡∏û‡∏π‡∏î‡πÑ‡∏û‡∏£‡πÄ‡∏£‡∏≤‡∏∞ ‡∏™‡∏∞‡∏≠‡∏≤‡∏î ‡∏ö‡∏£‡∏¥‡∏Å‡∏≤‡∏£‡πÑ‡∏ß ‡∏°‡∏≤‡∏¢‡∏±‡∏ô‡∏Æ‡∏µ‡πÑ‡∏°‡πà‡πÄ‡∏Ñ‡∏¢‡∏ú‡∏¥‡∏î‡∏´‡∏ß‡∏±‡∏á‡πÄ‡∏•‡∏¢ ‡∏ñ‡∏∂‡∏á‡∏Ñ‡πà‡∏≤‡∏ô‡∏±‡∏Å‡∏©‡∏≤‡∏à‡∏∞‡∏£‡∏≤‡∏Ñ‡∏≤‡∏™‡∏π‡∏á‡πÑ‡∏õ‡∏´‡∏ô‡πà‡∏≠‡∏¢ ‡πÅ‡∏ï‡πà‡πÄ‡∏£‡∏∑‡πà‡∏≠‡∏á‡∏Å‡∏≤‡∏£‡πÉ‡∏™‡πà‡πÉ‡∏à‡∏Ñ‡∏ô‡πÑ‡∏Ç‡πâ ‡πÑ‡∏°‡πà‡∏ô‡πâ‡∏≠‡∏¢‡∏´‡∏ô‡πâ‡∏≤‡∏ó‡∏µ‡πà‡πÑ‡∏´‡∏ô‡πÄ‡∏•‡∏¢,5
‡∏Ñ‡∏¥‡∏î‡∏ß‡πà‡∏≤‡∏£‡∏û ‡∏°‡∏µ‡∏Ñ‡∏ß‡∏≤‡∏°‡∏™‡∏∞‡∏≠‡∏≤‡∏î‡∏ï‡∏≤   ‡∏î‡∏π‡πÄ‡∏£‡∏µ‡∏¢‡∏ö‡∏£‡πâ‡∏≠‡∏¢‡πÑ‡∏°‡πà‡∏≠‡∏∂‡∏î‡∏≠‡∏±‡∏î   ‡πÄ‡∏Ç‡πâ‡∏≤‡πÑ‡∏õ‡πÅ‡∏•‡πâ‡∏ß‡∏£‡∏∏‡πâ‡∏™‡∏∂‡∏Å‡πÑ‡∏°‡πà‡∏ô‡πà‡∏≤‡∏Å‡∏•‡∏±‡∏ß‡∏î‡∏π‡∏°‡∏µ‡πÅ‡∏û‡∏°‡∏¢‡πå‡πÅ‡∏•‡∏∞‡∏û‡∏¢‡∏≤‡∏ö‡∏≤‡∏•‡∏î‡∏π‡∏™‡∏î‡∏ä‡∏∑‡πà‡∏ô‡πÅ‡∏•‡∏∞‡πÉ‡∏´‡πâ‡∏Å‡∏≤‡∏£‡∏ö‡∏£‡∏¥‡∏Å‡∏≤‡∏£‡∏≠‡∏¢‡πà‡∏≤‡∏á‡πÄ‡∏ï‡πá‡∏°‡∏ó‡∏µ‡πà‡∏°‡∏≤‡∏Å‡∏ó‡∏µ‡πà‡∏™‡∏∏‡∏î,3
‡∏ö‡∏£‡∏¥‡∏Å‡∏≤‡∏£‡∏°‡∏≤‡∏Å‡πÅ‡∏ô‡∏∞‡∏ô‡∏≥‡πÑ‡∏î‡πâ‡∏î‡∏µ‡∏Ñ‡∏£‡∏±‡∏ö,4
‡∏î‡∏¥‡∏â‡∏±‡∏ô‡∏õ‡πà‡∏ß‡∏¢‡πÄ‡∏õ‡πá‡∏ô‡πÄ‡∏¢‡∏∑‡πà‡∏≠‡∏ö‡∏∏‡∏°‡∏î‡∏•‡∏π‡∏Å‡πÄ‡∏à‡∏£‡∏¥‡∏ç‡πÄ‡∏ï‡∏¥‡∏ö‡πÇ‡∏ï‡∏ú‡∏¥‡∏î‡∏ó‡∏µ‡πà ‡∏ó‡∏≥‡πÉ‡∏´‡πâ‡∏ï‡πâ‡∏≠‡∏á‡πÄ‡∏Ç‡πâ‡∏≤‡∏≠‡∏≠‡∏Å‡πÇ‡∏£‡∏á‡∏û‡∏¢‡∏≤‡∏ö‡∏≤‡∏•‡∏¢‡∏±‡∏ô‡∏Æ‡∏µ‡∏ö‡πà‡∏≠‡∏¢‡πÜ ‡∏Ñ‡∏£‡∏±‡πâ‡∏á‡∏•‡∏∞‡∏™‡∏∏‡∏î‡∏î‡∏¥‡∏â‡∏±‡∏ô‡∏õ‡∏ß‡∏î‡∏ó‡πâ‡∏≠‡∏á‡∏°‡∏≤‡∏Å‡∏à‡∏∂‡∏á‡πÉ‡∏´‡πâ‡∏ó‡∏µ‡πà‡∏ö‡πâ‡∏≤‡∏ô‡∏û‡∏≤‡∏™‡πà‡∏á‡∏£‡∏û.‡∏¢‡∏±‡∏ô‡∏Æ‡∏µ ‡πÄ‡∏ô‡∏∑‡πà‡∏≠‡∏á‡∏à‡∏≤‡∏Å‡πÉ‡∏ä‡πâ‡∏™‡∏¥‡∏ó‡∏ò‡∏¥‡∏õ‡∏£‡∏∞‡∏Å‡∏±‡∏ô‡∏™‡∏±‡∏á‡∏Ñ‡∏°‡∏ó‡∏µ‡πà‡∏ô‡∏±‡πâ‡∏ô ‡πÑ‡∏õ‡∏ñ‡∏∂‡∏á‡∏Å‡πá‡∏°‡∏µ‡∏£‡∏ñ‡πÄ‡∏Ç‡πá‡∏ô‡∏°‡∏≤‡∏£‡∏±‡∏ö‡∏ó‡∏µ‡πà‡∏£‡∏ñ‡πÑ‡∏õ‡∏£‡∏≠‡∏ó‡∏µ‡∏ß‡∏±‡∏î‡∏Ñ‡∏ß‡∏≤‡∏°‡∏î‡∏±‡∏ô‡∏à‡∏ô‡∏ñ‡∏∂‡∏á‡∏Ñ‡∏¥‡∏ß‡∏ï‡∏£‡∏ß‡∏à ‡∏Ñ‡∏∏‡∏ì‡∏´‡∏°‡∏≠‡∏ó‡∏µ‡πà‡∏î‡∏π‡∏ó‡πà‡∏≤‡∏ô‡∏Å‡πá‡∏ó‡∏£‡∏≤‡∏ö‡∏ß‡πà‡∏≤‡πÇ‡∏£‡∏Ñ‡πÅ‡∏ö‡∏ö‡∏ô‡∏µ‡πâ‡∏ï‡πâ‡∏≠‡∏á‡πÉ‡∏´‡πâ‡∏¢‡∏≤‡∏â‡∏µ‡∏î‡πÄ‡∏û‡∏£‡∏≤‡∏∞‡∏ó‡∏≤‡∏ô‡∏¢‡∏≤‡∏Ñ‡∏á‡πÑ‡∏°‡πà‡πÑ‡∏î‡πâ ‡∏ã‡∏∂‡πà‡∏á‡∏¢‡∏≤‡∏â‡∏µ‡∏î‡∏ï‡πâ‡∏≠‡∏á‡∏â‡∏µ‡∏î‡∏≠‡∏¢‡πà‡∏≤‡∏á‡∏ï‡πà‡∏≠‡πÄ‡∏ô‡∏∑‡πà‡∏≠‡∏á ‡∏à‡∏∂‡∏á‡∏ó‡∏≥‡∏™‡πà‡∏á‡∏ï‡∏±‡∏ß‡πÑ‡∏õ‡πÉ‡∏´‡πâ‡πÅ‡∏ú‡∏ô‡∏Å‡∏™‡∏π‡∏ï‡∏¥ ‡πÄ‡∏û‡∏∑‡πà‡∏≠‡πÉ‡∏´‡πâ‡πÅ‡∏≠‡∏î‡∏°‡∏¥‡∏ï‡∏ó‡∏µ‡πà‡∏£‡∏û. ‡πÅ‡∏ï‡πà‡πÅ‡∏ú‡∏ô‡∏Å‡∏™‡∏π‡∏ï‡∏¥‡πÑ‡∏°‡πà‡∏£‡∏±‡∏ö‡∏à‡∏£‡πâ‡∏≤‡∏ö‡∏≠‡∏Å‡∏ß‡πà‡∏≤‡∏ñ‡πâ‡∏≤‡πÅ‡∏≠‡∏î‡∏°‡∏¥‡∏ï ‡∏ï‡πâ‡∏≠‡∏á‡πÄ‡∏Ñ‡∏™‡∏´‡∏ô‡∏±‡∏Å‡πÜ ‡∏≠‡∏¢‡πà‡∏≤‡∏á‡∏ó‡πâ‡∏≠‡∏á‡∏ô‡∏≠‡∏Å‡∏°‡∏î‡∏•‡∏π‡∏Å ‡∏ï‡∏Å‡πÄ‡∏•‡∏∑‡∏≠‡∏î ‡∏ô‡∏≠‡∏Å‡∏à‡∏≤‡∏Å‡∏Ñ‡∏ô‡πÑ‡∏Ç‡πâ‡∏à‡∏∞‡πÄ‡∏™‡∏µ‡∏¢‡∏Ñ‡πà‡∏≤‡πÉ‡∏ä‡πâ‡∏à‡πà‡∏≤‡∏¢‡πÄ‡∏≠‡∏á ‡∏î‡∏¥‡∏â‡∏±‡∏ô‡∏Å‡πá‡πÄ‡∏•‡∏¢‡πÑ‡∏°‡πà‡πÄ‡∏õ‡πá‡∏ô‡πÑ‡∏£‡πÉ‡∏´‡πâ‡∏Ñ‡∏∏‡∏ì‡∏´‡∏°‡∏≠‡∏â‡∏µ‡∏î‡∏¢‡∏≤‡πÉ‡∏´‡πâ‡∏ã‡∏∂‡πà‡∏á‡∏Ñ‡∏∏‡∏ì‡∏´‡∏°‡∏≠‡∏Å‡πá‡∏â‡∏µ‡∏î‡∏¢‡∏≤‡∏≠‡∏¢‡πà‡∏≤‡∏á‡πÅ‡∏£‡∏á‡πÉ‡∏´‡πâ 3 ‡∏ï‡∏±‡∏ß (‡∏Ñ‡∏∏‡∏ì‡∏´‡∏°‡∏≠‡πÅ‡∏à‡πâ‡∏á‡∏ß‡πà‡∏≤‡πÄ‡∏Ñ‡πâ‡∏≤‡πÑ‡∏°‡πà‡πÉ‡∏´‡πâ‡∏≠‡∏≥‡∏ô‡∏≤‡∏à‡∏´‡∏°‡∏≠‡∏õ‡∏£‡∏∞‡∏Å‡∏±‡∏ô‡∏™‡∏±‡∏á‡∏Ñ‡∏°‡πÅ‡∏≠‡∏î‡∏°‡∏¥‡∏ï‡∏Ñ‡∏ô‡πÑ‡∏Ç‡πâ)‡πÅ‡∏•‡πâ‡∏ß‡∏Å‡∏•‡∏±‡∏ö‡πÑ‡∏õ‡∏ô‡∏≠‡∏ô‡∏ó‡∏µ‡πà‡∏ö‡πâ‡∏≤‡∏ô ‡∏ß‡∏±‡∏ô‡∏ï‡πà‡∏≠‡∏°‡∏≤‡∏Å‡πá‡πÑ‡∏°‡πà‡∏´‡∏≤‡∏¢‡∏¢‡∏±‡∏á‡∏Ñ‡∏á‡∏õ‡∏ß‡∏î‡∏ó‡πâ‡∏≠‡∏á‡∏´‡∏ô‡∏±‡∏Å‡∏à‡∏∂‡∏á‡πÉ‡∏´‡πâ‡∏ó‡∏µ‡πà‡∏ö‡πâ‡∏≤‡∏ô‡∏™‡πà‡∏á‡∏£‡∏û.‡∏ï‡πà‡∏≠ ‡∏Ç‡∏±‡πâ‡∏ô‡∏ï‡∏≠‡∏ô‡∏ó‡∏∏‡∏Å‡∏≠‡∏¢‡πà‡∏≤‡∏á‡πÄ‡∏´‡∏°‡∏∑‡∏≠‡∏ô‡πÄ‡∏î‡∏¥‡∏°‡πÅ‡∏ï‡πà‡∏Ñ‡∏£‡∏±‡πâ‡∏á‡∏ô‡∏µ‡πâ‡∏ï‡πâ‡∏≠‡∏á‡∏ô‡∏≠‡∏ô‡∏£‡∏≠‡∏ö‡∏ô‡πÄ‡∏ï‡∏µ‡∏¢‡∏á‡πÄ‡∏ô‡∏∑‡πà‡∏≠‡∏á‡∏à‡∏≤‡∏Å‡∏õ‡∏ß‡∏î‡∏ó‡πâ‡∏≠‡∏á‡∏à‡∏ô‡∏ô‡∏±‡πà‡∏á‡πÑ‡∏°‡πà‡πÑ‡∏î‡πâ ‡πÄ‡∏°‡∏∑‡πà‡∏≠‡∏´‡∏°‡∏≠‡∏î‡∏π‡∏õ‡∏£‡∏∞‡∏ß‡∏±‡∏ï‡∏¥‡∏à‡∏∂‡∏á‡∏™‡πà‡∏á‡∏ï‡πà‡∏≠‡πÑ‡∏õ‡∏™‡∏π‡∏ï‡∏¥‡∏≠‡∏µ‡∏Å ‡∏ï‡∏≠‡∏ô‡πÅ‡∏£‡∏Å‡∏™‡∏π‡∏ï‡∏¥‡∏à‡∏∞‡πÑ‡∏°‡πà‡∏£‡∏±‡∏ö‡∏à‡∏ô‡∏Ñ‡∏∏‡∏ì‡∏´‡∏°‡∏≠‡πÄ‡∏ß‡∏£‡∏û‡∏π‡∏î‡∏≠‡∏µ‡∏ó‡πà‡∏≤‡πÑ‡∏´‡∏ô‡πÑ‡∏°‡πà‡∏£‡∏π‡πâ‡∏ó‡∏≤‡∏á‡πÅ‡∏ú‡∏ô‡∏Å‡∏à‡∏∂‡∏á‡∏£‡∏±‡∏ö‡πÑ‡∏ß‡πâ ‡πÅ‡∏ï‡πà‡πÅ‡∏ú‡∏ô‡∏Å‡∏™‡∏π‡∏ï‡∏¥‡∏ö‡∏≠‡∏Å‡∏ß‡πà‡∏≤‡∏ó‡∏≥‡πÑ‡∏°‡∏û‡∏∂‡πà‡∏á‡∏™‡πà‡∏á‡∏Ñ‡∏ô‡πÑ‡∏Ç‡πâ‡∏°‡∏≤‡πÉ‡∏ô‡πÄ‡∏°‡∏∑‡πà‡∏≠‡∏Ñ‡∏ô‡πÑ‡∏Ç‡πâ‡∏°‡∏≤‡∏ï‡∏±‡πâ‡∏á‡∏ô‡∏≤‡∏ô‡πÅ‡∏•‡πâ‡∏ß (‡πÑ‡∏°‡πà‡∏ó‡∏£‡∏≤‡∏ö‡∏ß‡πà‡∏≤‡∏¢‡∏±‡∏á‡πÑ‡∏á‡∏Å‡∏±‡∏ô‡πÅ‡∏ô‡πà) ‡πÅ‡∏ï‡πà‡∏Å‡πá‡πÑ‡∏î‡πâ‡∏ó‡∏≥‡∏Å‡∏≤‡∏£‡∏£‡∏±‡∏Å‡∏©‡∏≤‡πÇ‡∏î‡∏¢‡∏Å‡∏≤‡∏£‡∏â‡∏µ‡∏î‡∏¢‡∏≤‡∏ó‡∏∏‡∏Å 4 ‡∏ä‡∏°.‡∏´‡πâ‡∏≤‡∏°‡πÄ‡∏î‡∏¥‡∏ô ‡πÄ‡∏ô‡∏∑‡πà‡∏≠‡∏á‡∏à‡∏≤‡∏Å‡∏õ‡∏£‡∏∞‡∏à‡∏≥‡πÄ‡∏î‡∏∑‡∏≠‡∏ô‡πÑ‡∏´‡∏•‡∏¢‡πâ‡∏≠‡∏ô‡∏Å‡∏•‡∏±‡∏ö‡πÄ‡∏Ç‡πâ‡∏≤‡πÑ‡∏õ‡πÉ‡∏ô‡∏°‡∏î‡∏•‡∏π‡∏Å ‡∏ó‡∏≥‡πÉ‡∏´‡πâ‡πÄ‡∏Å‡∏¥‡∏î‡∏≠‡∏≤‡∏Å‡∏≤‡∏£‡∏õ‡∏ß‡∏î‡∏ó‡πâ‡∏≠‡∏á ‡∏£‡∏π‡πâ‡∏Ñ‡∏∞‡∏ß‡πà‡∏≤‡πÇ‡∏£‡∏Ñ‡∏ó‡∏µ‡πà‡∏î‡∏¥‡∏â‡∏±‡∏ô‡πÄ‡∏õ‡πá‡∏ô‡πÑ‡∏°‡πà‡∏ñ‡∏∂‡∏á‡∏Ç‡∏±‡πâ‡∏ô‡∏£‡πâ‡∏≤‡∏¢‡πÅ‡∏£‡∏á ‡πÅ‡∏ï‡πà‡∏°‡∏±‡∏ô‡∏Å‡πá‡∏ó‡∏£‡∏°‡∏≤‡∏ô‡∏ô‡∏∞‡∏Ñ‡∏∞,1
‡∏ö‡∏£‡∏¥‡∏Å‡∏≤‡∏£‡∏î‡∏µ ‡πÉ‡∏™‡πà‡πÉ‡∏à‡∏ú‡∏π‡πâ‡∏õ‡πà‡∏ß‡∏¢ ‡∏™‡∏≤‡∏°‡∏≤‡∏£‡∏ñ‡∏≠‡∏ò‡∏¥‡∏ö‡∏≤‡∏¢‡πÉ‡∏´‡πâ‡∏ú‡∏π‡πâ‡∏õ‡πà‡∏ß‡∏¢‡πÄ‡∏Ç‡πâ‡∏≤‡πÉ‡∏à‡∏Å‡∏±‡∏ö‡πÇ‡∏£‡∏Ñ‡∏ó‡∏µ‡πà‡πÄ‡∏õ‡πá‡∏ô‡∏•‡∏∞‡πÄ‡∏≠‡∏µ‡∏¢‡∏î,5
‡πÑ‡∏î‡πâ‡∏£‡∏±‡∏ö‡∏Å‡∏≤‡∏£‡∏ö‡∏£‡∏¥‡∏Å‡∏≤‡∏£‡∏à‡∏≤‡∏Å‡πÄ‡∏à‡πâ‡∏≤‡∏´‡∏ô‡πâ‡∏≤‡∏ó‡∏µ‡πà‡∏≠‡∏¢‡πà‡∏≤‡∏á‡∏î‡∏µ‡∏°‡∏≤‡∏Å ‡∏ï‡∏±‡πâ‡∏á‡πÅ‡∏ï‡πà‡∏¢‡∏∑‡πà‡∏ô‡∏ö‡∏±‡∏ï‡∏£‡πÅ‡∏•‡∏∞‡∏Ç‡∏±‡πâ‡∏ô‡∏ï‡∏≠‡∏ô‡∏ï‡πà‡∏≤‡∏á‡πÜ ‡∏Å‡πà‡∏≠‡∏ô‡∏û‡∏ö‡πÅ‡∏û‡∏ó‡∏¢‡πå‡∏Å‡πá‡πÑ‡∏î‡πâ‡∏£‡∏±‡∏ö‡∏Ñ‡∏≥‡πÅ‡∏ô‡∏∞‡∏ô‡∏≥‡∏≠‡∏¢‡πà‡∏≤‡∏á‡∏î‡∏µ ‡∏ó‡∏µ‡πà‡∏™‡∏≥‡∏Ñ‡∏±‡∏ç‡πÄ‡∏õ‡πá‡∏ô‡πÇ‡∏£‡∏á‡∏û‡∏¢‡∏≤‡∏ö‡∏≤‡∏•‡∏ó‡∏µ‡πà‡∏™‡∏∞‡∏≠‡∏≤‡∏î‡∏°‡∏≤‡∏Å,4
‡∏™‡∏∞‡∏î‡∏ß‡∏Å‡∏™‡∏∞‡∏ö‡∏≤‡∏¢ ‡∏ö‡∏£‡∏¥‡∏Å‡∏≤‡∏£‡∏î‡∏µ,5
‡∏î‡∏π‡πÅ‡∏•‡∏•‡∏π‡∏Å‡∏Ñ‡πâ‡∏≤‡πÄ‡∏õ‡πá‡∏ô‡∏≠‡∏¢‡πà‡∏≤‡∏á‡∏î‡∏µ ‡πÄ‡∏≠‡∏≤‡πÉ‡∏à‡πÉ‡∏™‡πà‡∏•‡∏π‡∏Å‡∏Ñ‡πâ‡∏≤‡∏ó‡∏∏‡∏Å,4
‡∏ï‡∏±‡πâ‡∏á‡πÉ‡∏à‡∏à‡∏∞‡πÑ‡∏õ‡∏ù‡∏≤‡∏Å‡∏Ñ‡∏£‡∏£‡∏†‡πå ‡πÇ‡∏î‡∏¢‡πÉ‡∏ä‡πâ‡∏™‡∏¥‡∏ó‡∏ò‡∏¥‡∏õ‡∏£‡∏∞‡∏Å‡∏±‡∏ô‡∏™‡∏±‡∏á‡∏Ñ‡∏° ‡πÑ‡∏õ‡∏ñ‡∏∂‡∏á ‡∏£‡∏û.‡∏õ‡∏£‡∏∞‡∏°‡∏≤‡∏ì 12.30‡∏ô. ‡∏£‡∏≠‡∏Ñ‡∏¥‡∏ß‡∏ß‡∏±‡∏î‡∏Ñ‡∏ß‡∏≤‡∏°‡∏î‡∏±‡∏ô‡∏≠‡∏¢‡∏π‡πà‡∏à‡∏ô‡∏ñ‡∏∂‡∏á ‡∏ö‡πà‡∏≤‡∏¢‡∏Å‡∏ß‡πà‡∏≤ ‡πÜ ‡∏ß‡∏±‡∏î‡∏Ñ‡∏ß‡∏≤‡∏°‡∏î‡∏±‡∏ô/‡∏ä‡∏±‡πà‡∏á‡∏ô‡πâ‡∏≥‡∏´‡∏ô‡∏±‡∏Å‡πÄ‡∏™‡∏£‡πá‡∏à ‡∏£‡∏≠‡∏Ñ‡∏¥‡∏ß‡πÄ‡∏£‡∏µ‡∏¢‡∏Å‡∏ï‡∏£‡∏ß‡∏à ‡πÄ‡∏£‡∏µ‡∏¢‡∏Å‡∏ï‡∏£‡∏ß‡∏à‡∏≠‡∏µ‡∏Å‡∏ó‡∏µ ‡∏õ‡∏£‡∏∞‡∏°‡∏≤‡∏ì 15.30 ‡∏ô. ‡πÄ‡∏Ç‡πâ‡∏≤‡πÑ‡∏õ‡∏û‡∏ö‡∏´‡∏°‡∏≠‡∏õ‡∏£‡∏∞‡∏°‡∏≤‡∏ì 20 ‡∏ô‡∏≤‡∏ó‡∏µ ‡∏≠‡∏≠‡∏Å‡∏°‡∏≤‡∏£‡∏≠‡πÄ‡∏Å‡πá‡∏ö‡∏õ‡∏±‡∏™‡∏™‡∏≤‡∏ß‡∏∞ ‡πÅ‡∏•‡πâ‡∏ß‡∏Å‡πá‡∏£‡∏≠‡∏û‡∏ö‡∏´‡∏°‡∏≠‡∏≠‡∏µ‡∏Å‡∏Ñ‡∏£‡∏±‡πâ‡∏á‡∏´‡∏ô‡∏∂‡πà‡∏á ‡∏û‡∏ö‡∏´‡∏°‡∏≠ ‡∏´‡∏°‡∏≠‡πÅ‡∏à‡πâ‡∏á‡πÅ‡∏Ñ‡πà‡∏ß‡πà‡∏≤‡∏ï‡∏±‡πâ‡∏á‡∏Ñ‡∏£‡∏£‡∏†‡πå ‡πÑ‡∏°‡πà‡πÑ‡∏î‡πâ‡∏ï‡∏£‡∏ß‡∏à‡∏≠‡∏∞‡πÑ‡∏£‡∏•‡∏∞‡πÄ‡∏≠‡∏µ‡∏¢‡∏î‡∏ß‡πà‡∏≤ ‡∏Å‡∏µ‡πà‡∏™‡∏±‡∏õ‡∏î‡∏≤‡∏´‡πå ‡∏´‡∏£‡∏∑‡∏≠‡∏≠‡∏∞‡πÑ‡∏£ ‡∏¢‡∏±‡∏á‡πÑ‡∏á ‡πÅ‡∏•‡πâ‡∏ß‡∏Å‡πá‡∏£‡∏≠‡∏£‡∏±‡∏ö‡∏¢‡∏≤ ‡πÄ‡∏™‡∏£‡πá‡∏à‡∏õ‡∏£‡∏∞‡∏°‡∏≤‡∏ì‡πÄ‡∏î‡∏∑‡∏≠‡∏ö 5 ‡πÇ‡∏°‡∏á‡πÄ‡∏¢‡πá‡∏ô ‡∏ï‡∏£‡∏ß‡∏à‡πÄ‡∏™‡∏£‡πá‡∏à ‡∏û‡∏¢‡∏≤‡∏ö‡∏≤‡∏•‡πÄ‡∏û‡∏¥‡πà‡∏á‡∏à‡∏∞‡πÅ‡∏à‡πâ‡∏á‡∏ß‡πà‡∏≤ ‡πÉ‡∏ä‡πâ‡∏™‡∏¥‡∏ó‡∏ò‡∏¥‡∏õ‡∏£‡∏∞‡∏Å‡∏±‡∏ô‡∏™‡∏±‡∏á‡∏Ñ‡∏°‡∏ù‡∏≤‡∏Å‡∏Ñ‡∏£‡∏£‡∏†‡πå‡πÑ‡∏°‡πà‡πÑ‡∏î‡πâ‡πÅ‡∏•‡πâ‡∏ß ‡∏ï‡πâ‡∏≠‡∏á‡∏ä‡∏≥‡∏£‡∏∞‡πÄ‡∏á‡∏¥‡∏ô‡πÄ‡∏≠‡∏á ‡∏à‡∏∞‡πÄ‡∏Ç‡πâ‡∏≤‡∏ï‡∏£‡∏ß‡∏à‡πÄ‡∏ß‡∏•‡∏≤‡πÑ‡∏´‡∏ô‡∏Å‡πá‡πÑ‡∏î‡πâ ‡∏Å‡πà‡∏≠‡∏ô 8.00 ‡∏ô. ‡πÑ‡∏°‡πà‡πÄ‡∏Å‡∏¥‡∏ô 18.00 ‡∏ô. ‡πÄ‡∏û‡∏£‡∏≤‡∏∞‡∏´‡∏°‡∏≠ ‡∏≠‡∏≠‡∏Å‡∏ï‡∏£‡∏ß‡∏à 1 ‡∏ó‡∏∏‡πà‡∏° ‡∏ñ‡πâ‡∏≤‡∏û‡∏¢‡∏≤‡∏ö‡∏≤‡∏•‡πÅ‡∏à‡πâ‡∏á‡∏Å‡πà‡∏≠‡∏ô ‡∏à‡∏∞‡πÑ‡∏°‡πà‡∏£‡∏≠‡∏Ñ‡∏¥‡∏î‡∏õ‡∏£‡∏∞‡∏Å‡∏±‡∏ô‡∏™‡∏±‡∏á‡∏Ñ‡∏°‡πÉ‡∏´‡πâ‡πÄ‡∏™‡∏µ‡∏¢‡πÄ‡∏ß‡∏•‡∏≤‡πÄ‡∏•‡∏¢‡∏ï‡∏±‡πâ‡∏á‡∏Ñ‡∏£‡∏∂‡πà‡∏á‡∏ß‡∏±‡∏ô ‡∏à‡∏∞‡πÑ‡∏î‡πâ‡∏Ç‡∏∂‡πâ‡∏ô‡πÑ‡∏õ‡∏ï‡∏£‡∏ß‡∏à‡∏ó‡∏µ‡πà‡πÅ‡∏ú‡∏ô‡∏Å‡∏™‡∏π‡∏ï‡∏¥ ‡πÄ‡∏≠‡∏á‡πÅ‡∏•‡πâ‡∏ß‡∏Ñ‡πà‡∏∞,3
‡πÄ‡∏ß‡∏•‡∏≤‡πÉ‡∏ô‡∏Å‡∏≤‡∏£‡∏£‡∏≠ ‡πÄ‡∏£‡πá‡∏ß-‡∏ä‡πâ‡∏≤‡∏Ç‡∏∂‡πâ‡∏ô‡∏≠‡∏¢‡∏π‡πà‡∏Å‡∏±‡∏ö‡∏à‡∏≥‡∏ô‡∏ß‡∏ô‡∏Ñ‡∏ô‡πÑ‡∏Ç‡πâ ‡∏û‡∏∑‡πâ‡∏ô‡∏ó‡∏µ‡πà‡πÉ‡∏´‡πâ‡∏ö‡∏£‡∏¥‡∏Å‡∏≤‡∏£‡∏≠‡∏¢‡∏π‡πà‡∏ï‡∏¥‡∏î‡∏Å‡∏±‡∏ô‡∏´‡∏°‡∏î ‡∏Ñ‡πà‡∏≠‡∏ô‡∏Ç‡πâ‡∏≤‡∏á‡∏ü‡∏±‡∏á‡πÄ‡∏£‡∏µ‡∏¢‡∏Å‡∏ä‡∏∑‡πà‡∏≠‡∏´‡∏£‡∏∑‡∏≠‡∏´‡∏°‡∏≤‡∏¢‡πÄ‡∏•‡∏Ç‡∏•‡∏≥‡∏ö‡∏≤‡∏Å ‡∏°‡∏≠‡∏á‡πÄ‡∏•‡∏Ç‡∏î‡∏¥‡∏à‡∏¥‡∏ï‡∏≠‡∏•‡∏ú‡∏π‡πâ‡∏£‡∏±‡∏ö‡∏ö‡∏£‡∏¥‡∏Å‡∏≤‡∏£‡∏Å‡∏±‡∏ö‡∏Å‡∏≤‡∏£‡∏Ç‡∏≤‡∏ô‡∏ä‡∏∑‡πà‡∏≠‡∏Å‡πá‡πÑ‡∏°‡πà‡∏ï‡∏£‡∏á‡∏Å‡∏±‡∏ô‡∏ö‡πâ‡∏≤‡∏á ‡∏Ñ‡∏∏‡∏ì‡∏´‡∏°‡∏≠‡∏£‡∏±‡∏ö‡∏ü‡∏±‡∏á‡∏≠‡∏≤‡∏Å‡∏≤‡∏£‡πÄ‡∏à‡πá‡∏ö‡∏õ‡πà‡∏ß‡∏¢‡∏Ñ‡πà‡∏≠‡∏ô‡∏Ç‡πâ‡∏≤‡∏á‡∏î‡∏µ(‡∏õ‡∏£‡∏∞‡∏Å‡∏±‡∏ô‡∏™‡∏±‡∏á‡∏Ñ‡∏°) ‡∏ï‡∏±‡∏ß‡∏¢‡∏≤‡∏£‡∏±‡∏Å‡∏©‡∏≤‡∏û‡∏¢‡∏≤‡∏ö‡∏≤‡∏•‡∏à‡∏±‡∏î‡πÉ‡∏´‡πâ‡∏î‡∏µ‡∏Ñ‡πà‡∏∞ ‡∏°‡∏µ‡∏õ‡∏£‡∏∞‡∏™‡∏¥‡∏ó‡∏ò‡∏¥‡∏†‡∏≤‡∏û-‡∏´‡∏≤‡∏¢‡∏î‡∏µ,4
‡πÄ‡∏°‡∏∑‡πà‡∏≠‡πÄ‡∏î‡∏∑‡∏≠‡∏ô‡∏Å‡πà‡∏≠‡∏ô‡∏°‡∏µ‡πÇ‡∏≠‡∏Å‡∏≤‡∏®‡πÑ‡∏õ‡∏Å‡∏≥‡∏à‡∏±‡∏î‡∏Ç‡∏µ‡πâ‡πÅ‡∏°‡∏•‡∏á‡∏ß‡∏±‡∏ô‡∏ó‡∏µ‡πà‡πÇ‡∏£‡∏á‡∏ö‡∏≤‡∏•‡∏Ñ‡πà‡∏∞   ‡∏õ‡∏£‡∏∞‡∏ó‡∏±‡∏ö‡πÉ‡∏à‡∏ï‡∏±‡πâ‡∏á‡πÅ‡∏ï‡πà‡∏û‡∏ô‡∏±‡∏Å‡∏á‡∏≤‡∏ô‡∏´‡∏ô‡πâ‡∏≤‡∏õ‡∏£‡∏∞‡∏ï‡∏π   ‡∏ö‡∏£‡∏¥‡∏Å‡∏≤‡∏£‡∏î‡∏µ‡∏°‡∏≤‡∏Å  ‡∏™‡πà‡∏ß‡∏ô‡∏û‡∏¢‡∏≤‡∏ö‡∏≤‡∏•‡∏Å‡πá‡∏ó‡∏≥‡∏á‡∏≤‡∏ô‡πÄ‡∏õ‡πá‡∏ô‡∏£‡∏∞‡∏ö‡∏ö ‡∏£‡∏ß‡∏î‡πÄ‡∏£‡πá‡∏ß  ‡∏û‡∏π‡∏î‡∏à‡∏≤‡∏î‡∏µ  ‡∏û‡∏≠‡∏û‡∏ö‡∏Ñ‡∏∏‡∏ì‡∏´‡∏°‡∏≠‡∏Å‡πá‡∏ô‡πà‡∏≤‡∏£‡∏±‡∏Å‡∏°‡∏≤‡∏Å‡∏Ñ‡πà‡∏∞ ‡∏Ñ‡∏≠‡∏¢‡πÅ‡∏ô‡∏∞‡∏ô‡∏≥‡∏ï‡∏•‡∏≠‡∏î  ‡∏à‡∏ô‡∏Å‡∏£‡∏∞‡∏ó‡∏±‡πâ‡∏á‡∏ó‡∏≥‡πÄ‡∏™‡∏£‡πá‡∏à‡∏Å‡πá‡∏¢‡∏±‡∏á‡∏°‡∏µ‡∏û‡∏¢‡∏≤‡∏ö‡∏≤‡∏•‡∏û‡∏≤‡∏•‡∏á‡∏°‡∏≤‡πÄ‡∏≠‡∏≤‡∏¢‡∏≤  ‡∏ï‡∏≠‡∏ô‡∏à‡∏∞‡∏Å‡∏•‡∏±‡∏ö‡∏Å‡πá‡∏û‡∏ô‡∏±‡∏Å‡∏á‡∏≤‡∏ô‡∏Ñ‡∏≠‡∏¢‡πÄ‡∏£‡∏µ‡∏¢‡∏Å‡∏£‡∏ñ‡πÉ‡∏´‡πâ ‡∏õ‡∏£‡∏∞‡∏ó‡∏±‡∏ö‡πÉ‡∏à‡∏°‡∏≤‡∏Å‡∏Ñ‡πà‡∏∞,5
‡πÄ‡∏Ç‡πâ‡∏≤‡∏Ñ‡∏¥‡∏ß‡∏Å‡∏≤‡∏£‡∏£‡∏±‡∏Å‡∏©‡∏≤‡∏ô‡∏≤‡∏ô ‡∏Ñ‡∏ô‡πÄ‡∏¢‡∏≠‡∏∞ ‡πÅ‡∏ï‡πà‡∏ö‡∏£‡∏¥‡∏Å‡∏≤‡∏£‡∏î‡∏µ,3
‡∏ö‡∏£‡∏¥‡∏Å‡∏≤‡∏£‡∏î‡∏µ ‡∏£‡∏±‡∏Å‡∏©‡∏≤‡∏ï‡∏£‡∏á‡∏à‡∏∏‡∏î,5
‡∏£‡∏ß‡∏î‡πÄ‡∏£‡πá‡∏ß‡∏ó‡∏±‡∏ô‡πÉ‡∏à‡∏ö‡∏£‡∏¥‡∏Å‡∏≤‡∏£‡∏î‡∏µ‡∏°‡∏≤‡∏Å‡∏≠‡∏¢‡∏≤‡∏Å‡πÉ‡∏´‡πâ‡∏£‡∏≠‡∏á,5
‡πÑ‡∏õ‡∏£‡∏±‡∏Å‡∏©‡∏≤‡∏ü‡∏±‡∏ô‡∏ó‡∏µ‡πà‡πÅ‡∏ú‡∏ô‡∏Å‡∏ó‡∏±‡∏ô‡∏ï‡∏Å‡∏£‡∏£‡∏°‡∏Ç‡∏≠‡∏á ‡∏£‡∏û.‡∏¢‡∏±‡∏ô‡∏Æ‡∏µ ‡∏™‡∏∞‡∏î‡∏ß‡∏Å‡∏£‡∏ß‡∏î‡πÄ‡∏£‡πá‡∏ß‡∏ï‡∏£‡∏á‡∏ó‡∏µ‡πà‡∏à‡∏∞‡∏°‡∏µ‡∏û‡∏ô‡∏±‡∏Å‡∏á‡∏≤‡∏ô‡∏Ñ‡∏≠‡∏¢‡πÇ‡∏ó‡∏£‡∏°‡∏≤‡πÄ‡∏ï‡∏∑‡∏≠‡∏ô‡πÄ‡∏ß‡∏•‡∏≤‡∏ô‡∏±‡∏î‡∏ó‡∏∏‡∏Å‡∏Ñ‡∏£‡∏±‡πâ‡∏á ‡∏ó‡∏≥‡πÉ‡∏´‡πâ‡πÑ‡∏°‡πà‡∏•‡∏∑‡∏°‡∏ô‡∏±‡∏î‡∏´‡∏°‡∏≠‡πÄ‡∏•‡∏¢ (‡∏ô‡∏±‡∏î 2 ‡πÄ‡∏î‡∏∑‡∏≠‡∏ô‡∏Ñ‡∏£‡∏±‡πâ‡∏á) ‡πÅ‡∏ï‡πà‡∏Å‡∏ß‡πà‡∏≤‡∏à‡∏∞‡πÑ‡∏î‡πâ‡∏ï‡∏£‡∏ß‡∏à‡∏Å‡πá‡∏£‡∏≠‡∏õ‡∏£‡∏∞‡∏°‡∏≤‡∏ì‡∏Ñ‡∏£‡∏∂‡πà‡∏á ‡∏ä‡∏°.‡πÄ‡∏û‡∏£‡∏≤‡∏∞‡∏Ñ‡∏∏‡∏ì‡∏´‡∏°‡∏≠‡∏Ñ‡∏¥‡∏ß‡∏¢‡∏≤‡∏ß‡∏°‡∏≤‡∏Å‡∏Å‡∏Å‡∏Å ‡∏¢‡∏±‡∏á‡∏î‡∏µ‡∏ó‡∏µ‡πà‡∏°‡∏µ‡∏ö‡∏£‡∏¥‡∏Å‡∏≤‡∏£‡∏ô‡πâ‡∏≤‡πÄ‡∏õ‡∏•‡πà‡∏≤‡πÅ‡∏•‡∏∞‡∏ô‡πâ‡∏≥‡∏°‡∏∞‡∏ï‡∏π‡∏°‡πÉ‡∏´‡πâ‡∏Å‡∏î‡∏î‡∏∑‡πà‡∏°‡πÄ‡∏≠‡∏á,4
‡∏ñ‡∏∂‡∏á‡∏à‡∏∞‡πÉ‡∏ä‡πâ‡∏õ‡∏£‡∏∞‡∏Å‡∏±‡∏ô‡∏™‡∏±‡∏á‡∏Ñ‡∏°‡πÅ‡∏ï‡πà‡∏Å‡∏≤‡∏£‡∏ö‡∏£‡∏¥‡∏Å‡∏≤‡∏£‡∏Å‡πá‡∏î‡∏µ‡∏ô‡∏∞‡∏Ñ‡πà‡∏∞ ‡∏Ñ‡∏∏‡∏ì‡∏´‡∏°‡∏≠‡πÅ‡∏•‡∏∞‡∏û‡∏¢‡∏≤‡∏ö‡∏≤‡∏•‡πÉ‡∏´‡πâ‡∏ö‡∏£‡∏¥‡∏Å‡∏≤‡∏£‡∏î‡∏µ‡πÄ‡∏õ‡πá‡∏ô‡∏Å‡∏±‡∏ô‡πÄ‡∏≠‡∏á‡∏Ñ‡πà‡∏∞,4
‡∏Ñ‡∏∏‡∏ì‡∏´‡∏°‡∏≠‡πÉ‡∏´‡πâ‡∏Ñ‡∏≥‡∏õ‡∏£‡∏∂‡∏Å‡∏©‡∏≤‡∏î‡∏µ ‡πÇ‡∏î‡∏¢‡∏â‡∏∞‡πÄ‡∏û‡∏£‡∏≤‡∏∞‡πÇ‡∏£‡∏Ñ‡∏†‡∏π‡∏°‡∏¥‡πÅ‡∏û‡πâ ‡∏ö‡∏£‡∏¥‡∏´‡∏≤‡∏£‡∏î‡∏µ,5
‡∏î‡∏π‡πÅ‡∏• ‡πÉ‡∏™‡πà‡πÉ‡∏à ‡∏£‡∏±‡∏ö‡∏ü‡∏±‡∏á,5
‡∏•‡πà‡∏≤‡∏™‡∏∏‡∏î‡∏ï‡∏£‡∏ß‡∏à‡πÄ‡∏à‡∏≠‡∏Å‡πâ‡∏≠‡∏ô‡πÄ‡∏ô‡∏∑‡πâ‡∏≠‡∏ó‡∏µ‡πà‡∏°‡∏î‡∏•‡∏π‡∏Å 12cm ‡πÅ‡∏•‡∏∞‡πÑ‡∏î‡πâ‡∏£‡∏±‡∏ö‡∏Å‡∏≤‡∏£‡∏ú‡πà‡∏≤‡∏ï‡∏±‡∏î‡∏ó‡∏µ‡πà‡∏£‡∏û.‡∏¢‡∏±‡∏ô‡∏Æ‡∏µ ‡πÄ‡∏£‡∏≤‡πÑ‡∏°‡πà‡∏°‡∏µ‡∏ö‡∏±‡∏ï‡∏£‡∏ß‡∏µ‡πÑ‡∏≠‡∏û‡∏µ ‡∏´‡∏£‡∏∑‡∏≠‡∏õ‡∏£‡∏∞‡∏Å‡∏±‡∏ô‡∏ä‡∏µ‡∏ß‡∏¥‡∏ï‡πÉ‡∏î‡πÜ‡∏ó‡∏±‡πâ‡∏á‡∏ô‡∏±‡πâ‡∏ô ‡πÄ‡∏ô‡∏∑‡πà‡∏≠‡∏á‡∏à‡∏≤‡∏Å‡πÑ‡∏°‡πà‡πÑ‡∏î‡πâ‡∏°‡∏µ‡πÄ‡∏á‡∏¥‡∏ô‡πÄ‡∏Å‡πá‡∏ö‡∏°‡∏≤‡∏Å‡∏°‡∏≤‡∏¢‡πÄ‡∏õ‡πá‡∏ô‡∏û‡∏ô‡∏±‡∏Å‡∏á‡∏≤‡∏ô‡πÄ‡∏á‡∏¥‡∏ô‡πÄ‡∏î‡∏∑‡∏≠‡∏ô‡∏ó‡∏±‡πà‡∏ß‡πÑ‡∏õ ‡∏¢‡∏≠‡∏°‡∏£‡∏±‡∏ö‡∏ß‡πà‡∏≤‡∏Å‡∏•‡∏±‡∏ß‡∏°‡∏≤‡∏Å‡∏Å‡∏≤‡∏£‡∏ú‡πà‡∏≤‡∏ï‡∏±‡∏î‡∏Ñ‡∏£‡∏±‡πâ‡∏á‡πÅ‡∏£‡∏Å ‡∏ã‡∏∂‡πà‡∏á‡πÄ‡∏£‡∏≤‡πÑ‡∏î‡πâ‡πÉ‡∏ä‡πâ‡πÅ‡∏Ñ‡πà‡∏™‡∏¥‡∏ó‡∏ò‡∏¥‡πå‡∏ö‡∏±‡∏ï‡∏£‡∏õ‡∏£‡∏∞‡∏Å‡∏±‡∏ô‡∏™‡∏±‡∏á‡∏Ñ‡∏°‡∏ò‡∏£‡∏£‡∏°‡∏î‡∏≤ ‡πÅ‡∏ï‡πà‡∏Å‡∏≤‡∏£‡∏î‡∏π‡πÅ‡∏•‡πÅ‡∏•‡∏∞‡∏ö‡∏£‡∏¥‡∏Å‡∏≤‡∏£‡πÉ‡∏´‡πâ‡∏Ñ‡∏∞‡πÅ‡∏ô‡∏ô‡πÅ‡∏ö‡∏ö‡∏ß‡πà‡∏≤‡∏ä‡∏±‡πâ‡∏ô‡πÄ‡∏•‡∏¥‡∏®‡∏Å‡∏±‡∏ô‡πÄ‡∏•‡∏¢‡∏ó‡∏µ‡πÄ‡∏î‡∏µ‡∏¢‡∏ß ‡∏ï‡∏±‡πâ‡∏á‡πÅ‡∏ï‡πà‡∏ß‡∏±‡∏ô‡πÅ‡∏≠‡∏î‡∏°‡∏¥‡∏ó ‡∏à‡∏ô‡∏≠‡∏≠‡∏Å‡∏à‡∏≤‡∏Å‡∏™‡∏ñ‡∏≤‡∏ô‡∏û‡∏¢‡∏≤‡∏ö‡∏≤‡∏• ‡∏î‡∏π‡πÅ‡∏•‡πÑ‡∏î‡πâ‡∏î‡∏µ‡∏°‡∏≤‡∏Å‡πÜ ‡∏û‡∏¢‡∏≤‡∏ö‡∏≤‡∏•‡∏ó‡∏∏‡∏Å‡∏Ñ‡∏ô‡∏ï‡∏±‡πâ‡∏á‡πÅ‡∏ï‡πà‡∏Ñ‡∏ô‡∏î‡∏≥‡πÄ‡∏ô‡∏¥‡∏ô‡∏Å‡∏≤‡∏£‡πÄ‡∏£‡∏∑‡πà‡∏≠‡∏á‡∏ú‡πà‡∏≤‡∏ï‡∏±‡∏î ‡πÄ‡∏à‡πâ‡∏≤‡∏´‡∏ô‡πâ‡∏≤‡∏ó‡∏µ‡πà‡∏ù‡πà‡∏≤‡∏¢‡∏¢‡∏≤‡∏™‡∏•‡∏ö ‡πÅ‡∏•‡∏∞‡∏ö‡∏∏‡∏Ñ‡∏Ñ‡∏•‡∏™‡∏≥‡∏Ñ‡∏±‡∏ç‡πÉ‡∏ô‡∏´‡πâ‡∏≠‡∏á‡∏ú‡πà‡∏≤‡∏ï‡∏±‡∏î ‡∏ï‡∏•‡∏≠‡∏î‡∏à‡∏ô‡∏û‡∏¢‡∏≤‡∏ö‡∏≤‡∏•‡∏ó‡∏µ‡πà‡∏î‡∏π‡πÅ‡∏•‡πÄ‡∏£‡∏≤‡∏´‡∏•‡∏±‡∏á‡∏ú‡πà‡∏≤‡∏ï‡∏±‡∏î‡πÄ‡∏™‡∏£‡πá‡∏à ‡πÑ‡∏°‡πà‡∏ß‡πà‡∏≤‡∏à‡∏∞‡πÄ‡∏õ‡πá‡∏ô‡∏Å‡∏≤‡∏£‡∏â‡∏µ‡∏î‡∏¢‡∏≤ ‡πÉ‡∏´‡πâ‡∏¢‡∏≤‡∏Å‡∏¥‡∏ô ‡πÄ‡∏ä‡πá‡∏î‡∏ï‡∏±‡∏ß ‡∏ó‡∏≥‡∏Ñ‡∏ß‡∏≤‡∏°‡∏™‡∏∞‡∏≠‡∏≤‡∏î ‡πÑ‡∏°‡πà‡∏ñ‡∏∑‡∏≠‡∏ï‡∏±‡∏ß‡πÄ‡∏•‡∏¢ ‡πÄ‡∏´‡∏°‡∏∑‡∏≠‡∏ô‡πÄ‡∏´‡πá‡∏ô‡∏≠‡∏Å‡πÄ‡∏´‡πá‡∏ô‡πÉ‡∏à‡∏ã‡∏∂‡πà‡∏á‡πÄ‡∏£‡∏≤‡∏ï‡∏≠‡∏ô‡∏ô‡∏±‡πâ‡∏ô‡∏ú‡πà‡∏≤‡∏ï‡∏±‡∏î‡πÉ‡∏´‡∏°‡πà‡πÜ‡∏Ñ‡∏á‡∏ó‡∏≥‡∏≠‡∏∞‡πÑ‡∏£‡πÑ‡∏°‡πà‡∏Ñ‡πà‡∏≠‡∏¢‡πÑ‡∏´‡∏ß‡∏≠‡∏¢‡∏π‡πà‡πÅ‡∏•‡πâ‡∏ß ‡∏õ‡∏£‡∏∞‡∏à‡∏ß‡∏ö‡∏Å‡∏±‡∏ö‡∏ó‡∏≤‡∏á‡πÄ‡∏£‡∏≤‡πÑ‡∏°‡πà‡∏°‡∏µ‡∏Ñ‡∏ô‡πÄ‡∏ù‡πâ‡∏≤‡πÑ‡∏Ç‡πâ‡∏î‡πâ‡∏ß‡∏¢ ‡∏ã‡∏∂‡πà‡∏á‡∏°‡∏µ‡∏Ñ‡∏ô‡∏î‡∏π‡πÅ‡∏•‡πÄ‡∏£‡∏≤‡∏ï‡∏•‡∏≠‡∏î‡∏ô‡∏±‡πà‡∏ô‡∏ñ‡∏∑‡∏≠‡∏ß‡πà‡∏≤‡πÄ‡∏õ‡πá‡∏ô‡∏ö‡∏£‡∏¥‡∏Å‡∏≤‡∏£‡∏ó‡∏µ‡πà‡∏î‡∏µ‡πÄ‡∏¢‡∏µ‡πà‡∏¢‡∏°‡∏Ñ‡πà‡∏∞ ‡∏ú‡∏π‡πâ‡∏õ‡πà‡∏ß‡∏¢‡∏ó‡∏∏‡∏Å‡∏Ñ‡∏ô ‡∏°‡∏µ‡∏Ñ‡∏ß‡∏≤‡∏°‡∏≠‡πà‡∏≠‡∏ô‡πÅ‡∏≠‡πÉ‡∏ô‡∏ï‡∏±‡∏ß ‡∏°‡∏µ‡∏Ñ‡∏ß‡∏≤‡∏°‡πÄ‡∏Ñ‡∏£‡∏µ‡∏¢‡∏î‡πÉ‡∏ô‡∏ï‡∏±‡∏ß ‡∏ã‡∏∂‡πà‡∏á‡∏°‡∏µ‡∏Ñ‡∏ô‡∏°‡∏≤‡∏î‡∏π‡πÅ‡∏•‡πÄ‡∏ó‡∏Ñ‡πÅ‡∏Ñ‡∏£‡πå‡πÄ‡∏£‡∏≤‡∏õ‡∏£‡∏∞‡∏´‡∏ô‡∏∂‡πà‡∏á‡πÄ‡∏´‡∏°‡∏∑‡∏≠‡∏ô‡∏Ñ‡∏ô‡πÉ‡∏ô‡∏Ñ‡∏£‡∏≠‡∏ö‡∏Ñ‡∏£‡∏±‡∏ß ‡∏≠‡∏±‡∏ô‡∏ô‡∏µ‡πâ‡πÄ‡∏£‡∏≤‡∏ã‡∏∂‡πâ‡∏á‡∏°‡∏≤‡∏Å ‡∏à‡∏ô‡∏ó‡∏∏‡∏Å‡∏ß‡∏±‡∏ô‡∏ô‡∏µ‡πâ‡πÉ‡∏Ñ‡∏£‡πÄ‡∏à‡πá‡∏ö‡πÑ‡∏Ç‡πâ‡πÑ‡∏î‡πâ‡∏õ‡πà‡∏ß‡∏¢ ‡πÄ‡∏õ‡πá‡∏ô‡∏≠‡∏∞‡πÑ‡∏£ ‡∏´‡∏ô‡∏±‡∏Å-‡πÄ‡∏ö‡∏≤ ‡πÄ‡∏£‡∏≤‡πÅ‡∏ô‡∏∞‡∏ô‡∏≥‡∏ó‡∏µ‡πà‡∏ô‡∏µ‡πà‡πÄ‡∏•‡∏¢‡∏Ñ‡πà‡∏∞ ‡∏£‡∏û.‡∏¢‡∏±‡∏ô‡∏Æ‡∏µ ‡πÄ‡∏û‡∏£‡∏≤‡∏∞‡∏ß‡πà‡∏≤‡πÄ‡∏£‡∏≤‡πÑ‡∏î‡πâ‡∏£‡∏±‡∏ö‡∏Å‡∏≤‡∏£‡∏ö‡∏£‡∏¥‡∏Å‡∏≤‡∏£‡∏ó‡∏µ‡πà‡∏î‡∏µ‡∏õ‡∏£‡∏∞‡∏î‡∏∏‡∏à‡∏î‡∏±‡πà‡∏á‡∏ç‡∏≤‡∏ï‡∏¥‡∏°‡∏¥‡∏ï‡∏£ ‡∏Ñ‡∏∏‡∏ì‡∏´‡∏°‡∏≠‡∏ó‡∏∏‡∏Å‡∏ó‡πà‡∏≤‡∏ô‡πÄ‡∏î‡∏¥‡∏ô‡∏ï‡∏£‡∏ß‡∏à‡∏ï‡∏£‡∏≤‡∏ã‡∏±‡∏Å‡∏ñ‡∏≤‡∏°‡∏≠‡∏≤‡∏Å‡∏≤‡∏£‡πÄ‡∏õ‡πá‡∏ô‡∏£‡∏∞‡∏¢‡∏∞‡πÜ ‡∏ã‡∏∂‡πà‡∏á‡∏Ñ‡∏ß‡∏≤‡∏°‡∏õ‡∏•‡∏≠‡∏î‡∏†‡∏±‡∏¢ ‡∏°‡∏µ‡πÅ‡∏ô‡πà‡∏ô‡∏≠‡∏ô 100% ‡∏ï‡πâ‡∏≠‡∏á‡∏Ç‡∏≠‡∏Ç‡∏≠‡∏ö‡∏Ñ‡∏∏‡∏ì‡∏ó‡∏∏‡∏Å‡πÜ‡∏ó‡πà‡∏≤‡∏ô ‡∏ó‡∏µ‡πà‡πÉ‡∏´‡πâ‡∏Ñ‡∏≥‡∏õ‡∏£‡∏∂‡∏Å‡∏©‡∏≤ ‡∏î‡∏π‡πÅ‡∏• ‡πÅ‡∏•‡∏∞‡πÄ‡∏õ‡πá‡∏ô‡∏Å‡∏≥‡∏•‡∏±‡∏á‡πÉ‡∏à‡πÉ‡∏´‡πâ‡∏£‡∏∞‡∏´‡∏ß‡πà‡∏≤‡∏á‡∏ó‡∏µ‡πà‡πÑ‡∏î‡πâ‡∏£‡∏±‡∏ö‡∏Å‡∏≤‡∏£‡∏£‡∏±‡∏Å‡∏©‡∏≤‡∏ï‡∏±‡∏ß‡∏ó‡∏µ‡πà‡∏£‡∏û.‡∏Ñ‡πà‡∏∞,5
‡∏õ‡∏Å‡∏ï‡∏¥‡πÄ‡∏õ‡πá‡∏ô‡πÇ‡∏£‡∏Ñ‡πÅ‡∏û‡πâ‡∏≠‡∏≤‡∏Å‡∏≤‡∏®‡∏ó‡∏∏‡∏Å‡∏Ñ‡∏£‡∏±‡πâ‡∏á‡∏ó‡∏µ‡πà‡∏°‡∏µ‡∏≠‡∏≤‡∏Å‡∏≤‡∏®‡∏à‡∏∞‡πÑ‡∏õ ‡∏£‡∏û.‡∏¢‡∏±‡∏ô‡∏Æ‡∏µ ‡πÅ‡∏•‡∏∞‡πÑ‡∏î‡πâ‡∏£‡∏±‡∏ö‡∏ö‡∏£‡∏¥‡∏Å‡∏≤‡∏£‡∏ó‡∏µ‡πà‡∏î‡∏µ‡∏ï‡∏±‡πâ‡∏á‡πÅ‡∏ï‡πà‡∏ó‡∏≥‡∏ö‡∏±‡∏ï‡∏£‡∏ä‡∏±‡πâ‡∏ô 1 ‡πÅ‡∏•‡∏∞‡∏Å‡∏≤‡∏£‡∏ï‡∏£‡∏ß‡∏à‡∏ï‡πâ‡∏≠‡∏á‡πÑ‡∏õ ‡∏ä‡∏±‡πâ‡∏ô 10 ‡∏Ñ‡∏≠ ‡∏´‡∏π ‡∏à‡∏°‡∏π‡∏Å ‡∏õ‡∏≤‡∏Å ‡∏Ñ‡∏∏‡∏ì‡∏´‡∏°‡∏≠ ‡∏ó‡∏µ‡πà‡∏î‡∏π‡πÅ‡∏• ‡∏ä‡∏∑‡πà‡∏≠ ‡∏Ñ‡∏∏‡∏ì‡∏´‡∏°‡∏≠ ‡∏ö‡∏∏‡∏ç‡∏ç‡∏≤‡∏†‡∏≤ ‡∏ï‡∏£‡∏ß‡∏à‡∏£‡∏∞‡πÄ‡∏≠‡∏µ‡∏¢‡∏î‡πÅ‡∏ô‡∏∞‡∏ô‡∏≥‡∏ß‡∏¥‡∏ò‡∏µ‡∏î‡∏π‡πÅ‡∏•‡∏ï‡∏±‡∏ß‡πÄ‡∏≠‡∏á ‡∏™‡∏¥‡πà‡∏á‡∏™‡∏≥‡∏Ñ‡∏±‡∏ç‡∏´‡∏°‡∏≠‡πÉ‡∏™‡πà‡πÉ‡∏à‡∏£‡∏≤‡∏¢‡∏•‡∏∞‡πÄ‡∏≠‡∏µ‡∏¢‡∏î‡∏≠‡∏∑‡πà‡∏ô ‡πÄ‡∏ä‡πà‡∏ô ‡πÄ‡∏™‡πâ‡∏ô‡πÄ‡∏™‡∏µ‡∏¢‡∏á ‡∏Å‡∏•‡πà‡∏≠‡∏á‡πÄ‡∏™‡∏µ‡∏¢‡∏á‡πÉ‡∏´‡πâ‡∏î‡πâ‡∏ß‡∏¢ ‡πÄ‡∏ô‡∏∑‡πà‡∏≠‡∏á‡∏à‡∏≤‡∏Å‡πÄ‡∏õ‡πá‡∏ô‡∏Ñ‡∏ô‡πÄ‡∏™‡∏µ‡∏¢‡∏á‡πÅ‡∏´‡∏ö ‡πÅ‡∏•‡∏∞‡πÄ‡∏™‡πâ‡∏ô‡πÄ‡∏™‡∏µ‡∏¢‡∏á‡∏´‡πà‡∏≤‡∏á‡∏Å‡∏±‡∏ô ‡∏´‡∏°‡∏≠‡∏à‡∏∂‡∏á‡πÅ‡∏ô‡∏∞‡∏ô‡∏≥ ‡∏ß‡∏¥‡∏ò‡∏µ‡∏Å‡∏≤‡∏£ ‡πÅ‡∏Å‡πâ‡πÑ‡∏Ç ‡∏´‡∏≤‡∏Å‡∏°‡∏µ‡πÄ‡∏ß‡∏•‡∏≤ ‡πÑ‡∏°‡πà‡∏°‡∏µ‡∏Å‡∏≤‡∏£‡∏ö‡∏±‡∏á‡∏Ñ‡∏±‡∏ö‡πÉ‡∏î‡πÜ ‡∏´‡∏£‡∏∑‡∏≠‡∏à‡∏∞‡πÉ‡∏´‡πâ‡πÄ‡∏™‡∏µ‡∏¢‡∏á‡πÄ‡∏á‡∏¥‡∏ô ‡∏ó‡∏±‡∏ô‡∏ó‡∏µ ‡πÅ‡∏•‡∏∞‡∏¢‡∏±‡∏á ‡πÉ‡∏´‡πâ‡∏¢‡∏≤ ‡∏ó‡∏µ‡πà ‡πÄ‡∏´‡∏°‡∏≤‡∏∞‡∏™‡∏°‡∏Å‡∏±‡∏ö‡∏≠‡∏≤‡∏Å‡∏≤‡∏£ ‡∏°‡∏≤‡∏Å‡∏ô‡πâ‡∏≠‡∏¢ ‡πÅ‡∏•‡πâ‡∏ß‡πÅ‡∏ï‡πà‡∏≠‡∏≤‡∏Å‡∏≤‡∏£‡∏Ç‡∏≠‡∏á‡∏Ñ‡∏ô‡πÑ‡∏Ç‡πâ ‡∏à‡∏≥‡πÑ‡∏î‡πâ ‡∏ß‡πà‡∏≤ ‡∏£‡∏±‡∏Å‡∏©‡∏≤ ‡∏´‡∏•‡∏≤‡∏¢‡πÄ‡∏î‡∏∑‡∏≠‡∏ô ‡∏î‡∏µ‡∏Ç‡∏∂‡πâ‡∏ô ‡∏´‡∏°‡∏≠ ‡∏Å‡πâ‡∏≠‡πÅ‡∏ô‡∏∞‡∏ô‡∏≥‡∏ß‡πà‡∏≤‡πÑ‡∏°‡πà‡∏´‡∏≤‡∏¢‡∏Ç‡∏≤‡∏¢‡∏ï‡πâ‡∏≠‡∏á‡∏î‡∏π‡πÅ‡∏•‡∏ï‡∏±‡∏ß‡πÄ‡∏≠‡∏á‡πÑ‡∏õ‡∏ó‡∏∏‡∏Å‡∏Ñ‡∏£‡∏±‡πâ‡∏á ‡∏û‡∏ô‡∏±‡∏Å‡∏á‡∏≤‡∏ô‡∏ó‡∏µ‡πà‡πÉ‡∏´‡πâ‡∏ö‡∏£‡∏¥‡∏Å‡∏≤‡∏£ ‡∏î‡∏π‡πÅ‡∏•‡∏ï‡∏•‡∏≠‡∏î ‡∏û‡∏≤‡πÑ‡∏õ‡∏£‡∏±‡∏ö‡∏¢‡∏≤ ‡πÅ‡∏ô‡∏∞‡∏ô‡∏≥‡πÄ‡∏õ‡πá‡∏ô‡∏Å‡∏±‡∏ô‡πÄ‡∏≠‡∏á‡πÅ‡∏•‡∏∞‡∏à‡∏≥‡∏Ñ‡∏ô‡πÑ‡∏Ç‡πâ‡πÑ‡∏î‡πâ ‡∏õ‡∏£‡∏∞‡∏ó‡∏±‡∏ö‡πÉ‡∏à‡∏Ñ‡πà‡∏∞‡∏´‡∏•‡∏±‡∏á‡∏à‡∏≤‡∏Å‡∏´‡∏≤‡∏´‡∏°‡∏≠‡∏ä‡∏±‡πâ‡∏ô 10 ‡πÄ‡∏™‡∏£‡πá‡∏à ‡∏°‡∏≤‡∏£‡∏±‡∏ö‡∏¢‡∏≤‡∏ä‡∏±‡πâ‡∏ô 4 ‡πÄ‡∏´‡∏ô‡∏∑‡πà‡∏≠‡∏¢‡πÜ‡πÄ‡∏´‡∏°‡∏∑‡πà‡∏≠‡∏¢‡πÜ ‡∏Å‡πâ‡∏≠‡∏°‡∏µ‡∏ö‡∏£‡∏¥‡∏Å‡∏≤‡∏£ ‡∏ô‡∏ß‡∏î‡πÅ‡∏ú‡∏ô‡πÑ‡∏ó‡∏¢ ‡∏ô‡∏ß‡∏î‡∏ô‡πâ‡∏≥‡∏°‡∏±‡∏ô ‡∏ô‡∏≠‡∏ô‡∏ô‡∏ß‡∏î‡∏™‡∏ö‡∏≤‡∏¢‡∏ï‡∏±‡∏ß ‡∏û‡∏ô‡∏±‡∏Å‡∏á‡∏≤‡∏ô‡∏ô‡∏ß‡∏î ‡∏ù‡∏µ‡∏°‡∏∑‡∏≠‡∏î‡∏µ‡∏°‡∏≤‡∏Å ‡∏°‡∏µ‡∏ô‡∏ß‡∏î‡πÄ‡∏ó‡πâ‡∏≤ ‡∏ô‡∏ß‡∏î‡∏ï‡∏±‡∏ß ‡∏£‡∏≤‡∏Ñ‡∏≤‡∏™‡∏°‡πÄ‡∏´‡∏ï‡∏∏‡∏™‡∏°‡∏ú‡∏• ‡πÑ‡∏°‡πà‡πÅ‡∏û‡∏á ‡∏Ñ‡∏∑‡∏≠ ‡∏ö‡∏≠‡∏Å‡πÄ‡∏•‡∏¢ ‡∏ß‡πà‡∏≤ ‡∏£‡∏û.‡∏¢‡∏±‡∏ô‡∏Æ‡∏µ ‡∏ó‡∏≥‡πÉ‡∏´‡πâ ‡∏Ñ‡∏ô‡πÑ‡∏Ç‡πâ‡∏´‡∏£‡∏∑‡∏≠ ‡∏ç‡∏≤‡∏ï‡∏¥‡∏Ñ‡∏ô‡πÑ‡∏Ç‡πâ‡∏°‡∏µ‡∏Ñ‡∏ß‡∏≤‡∏°‡∏™‡∏∏‡∏Ç‡∏Å‡∏≤‡∏¢‡∏™‡∏∏‡∏Ç‡πÉ‡∏à‡∏≠‡∏µ‡∏Å‡∏î‡πâ‡∏ß‡∏¢ ‡∏Ñ‡∏ß‡∏≤‡∏°‡∏õ‡∏£‡∏∞‡∏ó‡∏±‡∏ö‡πÉ‡∏à‡∏≠‡∏µ‡∏Å‡∏≠‡∏¢‡πà‡∏≤‡∏á‡∏Ñ‡∏∑‡∏≠‡∏ß‡∏±‡∏ô‡∏ó‡∏µ‡πà‡πÑ‡∏õ‡∏ô‡∏ß‡∏î‡πÄ‡∏ó‡πâ‡∏≤ ‡πÄ‡∏à‡∏≠‡∏Ñ‡∏∏‡∏ì‡∏•‡∏∏‡∏á‡∏Ñ‡∏ô‡∏ô‡∏∂‡∏á‡∏°‡∏≤‡∏ô‡∏ß‡∏î ‡∏°‡∏≤‡∏£‡∏π‡πâ‡∏ó‡∏µ‡πà‡∏´‡∏•‡∏±‡∏á‡∏ß‡πà‡∏≤ ‡πÄ‡∏õ‡πá‡∏ô‡πÄ‡∏à‡πâ‡∏≤‡∏Ç‡∏≠‡∏á ‡∏£‡∏û.‡∏¢‡∏±‡∏ô‡∏Æ‡∏µ ‡πÄ‡∏Ñ‡πâ‡∏≤‡πÑ‡∏°‡πà‡πÑ‡∏î‡πâ ‡∏ñ‡∏∑‡∏≠‡∏ï‡∏±‡∏ß ‡∏û‡∏π‡∏î‡∏Ñ‡∏∏‡πà‡∏¢‡∏Å‡∏±‡∏ö‡∏û‡∏ô‡∏±‡∏Å‡∏á‡∏≤‡∏ô ‡∏õ‡∏Å‡∏ï‡∏¥‡∏°‡∏≤‡∏Å‡πÜ‡∏Å‡∏±‡∏ô‡πÄ‡∏≠‡∏á ‡πÅ‡∏ñ‡∏ö‡∏¢‡∏±‡∏á‡∏Ñ‡∏∏‡πà‡∏¢‡∏Å‡∏±‡∏ö‡πÄ‡∏£‡∏≤ ‡∏õ‡∏Å‡∏ï‡∏¥ ‡πÇ‡∏î‡∏¢‡∏£‡∏ß‡∏° ‡∏Ñ‡∏∑‡∏≠‡∏õ‡∏£‡∏∞‡∏ó‡∏±‡∏ö‡πÉ‡∏à ‡∏´‡∏°‡∏≠ ‡∏û‡∏ô‡∏±‡∏Å‡∏á‡∏≤‡∏ô‡∏ï‡πà‡∏≤‡∏á‡πÜ‡∏£‡∏ß‡∏°‡∏ñ‡∏∂‡∏á‡∏™‡∏ñ‡∏≤‡∏ô‡∏ó‡∏µ‡πà ‡πÅ‡∏ñ‡∏°‡πÑ‡∏î‡πâ‡πÄ‡∏à‡∏≠‡πÄ‡∏à‡πâ‡∏≤‡∏Ç‡∏≠‡∏á‡∏î‡πâ‡∏ß‡∏¢ ‡∏°‡∏±‡∏ô HAPPY ‡∏™‡∏∏‡∏î‡πÜ‡∏Ñ‡πà‡∏∞,5
‡πÉ‡∏ä‡πâ‡∏ö‡∏±‡∏ï‡∏£‡∏õ‡∏£‡∏∞‡∏Å‡∏±‡∏ô‡∏™‡∏±‡∏á‡∏Ñ‡∏°‡∏¢‡∏£‡∏≠‡∏ô‡∏≤‡∏ô‡∏°‡∏≤‡∏Å‡πÜ ‡∏û‡∏≠‡∏ñ‡∏∂‡∏á‡πÄ‡∏ß‡∏•‡∏≤‡∏ï‡∏£‡∏ß‡∏à‡πÅ‡∏õ‡∏ö‡πÄ‡∏î‡∏µ‡∏¢‡∏ß‡πÄ‡∏≠‡∏á‡∏ó‡∏±‡πâ‡∏á‡πÜ‡∏ó‡∏µ‡πà‡∏Ñ‡∏¥‡∏ß‡∏Å‡πá‡πÑ‡∏°‡πà‡πÄ‡∏¢‡∏≠‡∏∞‡∏°‡∏≤‡∏Å,3
"‡πÉ‡∏ä‡πâ‡∏õ‡∏£‡∏∞‡∏Å‡∏±‡∏ô‡∏™‡∏±‡∏á‡∏Ñ‡∏°‡∏Å‡∏±‡∏ö‡πÇ‡∏£‡∏á‡∏û‡∏¢‡∏≤‡∏ö‡∏≤‡∏•‡∏¢‡∏±‡∏ô‡∏Æ‡∏µ‡∏°‡∏≤‡∏õ‡∏£‡∏∞‡∏°‡∏≤‡∏ì11‡∏õ‡∏µ ‡∏°‡∏µ‡∏Ñ‡∏ß‡∏≤‡∏°‡∏£‡∏π‡πâ‡∏™‡∏∂‡∏Å‡∏î‡∏µ‡∏Å‡∏±‡∏ö‡∏Å‡∏≤‡∏£‡∏ö‡∏£‡∏¥‡∏Å‡∏≤‡∏£‡∏Ç‡∏≠‡∏á‡∏ó‡∏µ‡πà‡∏ô‡∏µ‡πà‡∏Ñ‡πà‡∏≠‡∏ô‡∏Ç‡πâ‡∏≤‡∏á‡∏°‡∏≤‡∏Å..‡∏ï‡∏±‡πâ‡∏á‡πÅ‡∏ï‡πà‡∏Å‡πâ‡∏≤‡∏ß‡πÅ‡∏£‡∏Å‡πÅ‡∏ö‡πà‡∏á‡πÄ‡∏õ‡πá‡∏ô‡∏Ç‡πâ‡∏≠‡πÜ‡πÑ‡∏î‡πâ‡∏î‡∏±‡∏á‡∏ô‡∏µ‡πâ1.‡∏ó‡∏µ‡πà‡∏à‡∏≠‡∏î‡∏£‡∏ñ‡∏Å‡∏ß‡πâ‡∏≤‡∏á‡∏Ç‡∏ß‡∏≤‡∏á‡∏™‡∏∞‡∏î‡∏ß‡∏Å‡∏°‡∏µ‡∏£‡∏ñ‡∏ö‡∏£‡∏¥‡∏Å‡∏≤‡∏£‡∏à‡∏≤‡∏Å‡∏ó‡∏µ‡πà‡∏à‡∏≠‡∏î‡∏°‡∏≤‡∏ó‡∏µ‡πà‡πÇ‡∏£‡∏á‡∏û‡∏¢‡∏≤‡∏ö‡∏≤‡∏• 2.‡∏Å‡∏≤‡∏£‡∏à‡∏±‡∏î‡∏Ñ‡∏¥‡∏ß‡πÅ‡∏•‡∏∞‡πÄ‡∏Ñ‡∏≤‡πÄ‡∏ï‡∏≠‡∏£‡πå‡∏ö‡∏£‡∏¥‡∏Å‡∏≤‡∏£‡∏ñ‡∏∑‡∏≠‡∏ß‡πà‡∏≤‡∏™‡∏∞‡∏î‡∏ß‡∏Å‡∏£‡∏ß‡∏î‡πÄ‡∏£‡πá‡∏ß 3.‡∏ä‡πà‡∏≠‡∏á‡∏ß‡∏±‡∏î‡∏Ñ‡∏ß‡∏≤‡∏°‡∏î‡∏±‡∏ô‡∏ã‡∏±‡∏Å‡∏ñ‡∏≤‡∏°‡∏õ‡∏£‡∏∞‡∏ß‡∏±‡∏ï‡∏¥‡πÄ‡∏ö‡∏∑‡πâ‡∏≠‡∏á‡∏ï‡πâ‡∏ô‡∏™‡∏∞‡∏î‡∏ß‡∏Å‡∏£‡∏ß‡∏î‡πÄ‡∏£‡πá‡∏ß 4.‡∏ä‡πà‡∏≠‡∏á‡∏ö‡∏£‡∏¥‡∏Å‡∏≤‡∏£‡πÄ‡∏à‡∏≤‡∏∞‡πÄ‡∏•‡∏∑‡∏≠‡∏î‡∏™‡∏∞‡∏≠‡∏≤‡∏î,‡∏™‡∏∞‡∏î‡∏ß‡∏Å‡∏£‡∏ß‡∏î‡πÄ‡∏£‡πá‡∏ß‡πÉ‡∏ä‡πâ‡πÄ‡∏ß‡∏•‡∏≤‡∏£‡∏≠‡πÑ‡∏°‡πà‡πÄ‡∏Å‡∏¥‡∏ô 15‡∏ô‡∏≤‡∏ó‡∏µ 4.‡∏Å‡∏≤‡∏£‡∏ö‡∏£‡∏¥‡∏Å‡∏≤‡∏£‡∏£‡∏±‡∏Å‡∏©‡∏≤‡∏Ç‡∏≠‡∏á‡∏Ñ‡∏∏‡∏ì‡∏´‡∏°‡∏≠‡∏ñ‡∏∑‡∏≠‡∏ß‡πà‡∏≤‡∏≠‡∏¢‡∏π‡πà‡πÉ‡∏ô‡πÄ‡∏Å‡∏ì‡∏ë‡πå‡∏ó‡∏µ‡πà‡∏î‡∏µ‡∏ñ‡∏≤‡∏°‡∏ï‡∏≠‡∏ö‡πÑ‡∏î‡πâ‡∏ï‡∏£‡∏á‡∏õ‡∏£‡∏∞‡πÄ‡∏î‡πá‡∏ô 4.‡∏Å‡∏≤‡∏£‡∏£‡∏±‡∏ö‡∏Å‡∏≤‡∏£‡∏ú‡πà‡∏≤‡∏ï‡∏±‡∏î‡πÄ‡∏•‡πá‡∏Å‡∏ñ‡∏∑‡∏≠‡∏ß‡πà‡∏≤‡∏™‡∏∞‡∏î‡∏ß‡∏Å‡∏£‡∏ß‡∏î‡πÄ‡∏£‡πá‡∏ß‡πÑ‡∏°‡πà‡∏ï‡πâ‡∏≠‡∏á‡∏£‡∏≠‡∏Ñ‡∏¥‡∏ß‡∏ô‡∏≤‡∏ô ‡∏´‡πâ‡∏≠‡∏á‡∏ú‡πà‡∏≤‡∏ï‡∏±‡∏î‡∏™‡∏∞‡∏≠‡∏≤‡∏î‡∏Å‡∏ß‡πâ‡∏≤‡∏á‡∏Ç‡∏ß‡∏≤‡∏á ‡∏û‡∏¢‡∏≤‡∏ö‡∏≤‡∏•‡∏ú‡∏π‡πâ‡∏ä‡πà‡∏ß‡∏¢‡∏™‡∏∏‡∏†‡∏≤‡∏û‡∏î‡∏µ‡∏°‡∏≤‡∏Å‡πÉ‡∏´‡πâ‡∏Ñ‡∏ß‡∏≤‡∏°‡∏£‡∏π‡πâ‡∏Ñ‡∏ß‡∏≤‡∏°‡πÄ‡∏Ç‡πâ‡∏≤‡πÉ‡∏à‡πÑ‡∏î‡πâ‡∏î‡∏µ ‡∏´‡∏•‡∏±‡∏á‡∏Å‡∏≤‡∏£‡∏ú‡πà‡∏≤‡∏ï‡∏±‡∏î‡∏Ñ‡∏∏‡∏ì‡∏´‡∏°‡∏≠‡πÉ‡∏´‡πâ‡∏Ñ‡∏ß‡∏≤‡∏°‡∏£‡∏π‡πâ‡πÅ‡∏•‡∏∞‡∏ï‡∏¥‡∏î‡∏ï‡∏≤‡∏°‡∏Å‡∏≤‡∏£‡∏£‡∏±‡∏Å‡∏©‡∏≤‡∏î‡∏µ 5.‡∏´‡πâ‡∏≠‡∏á‡∏û‡∏±‡∏Å‡∏Ñ‡∏ô‡πÑ‡∏Ç‡πâ‡πÄ‡∏û‡∏∑‡πà‡∏≠‡πÉ‡∏´‡πâ‡∏ô‡πâ‡∏≥‡πÄ‡∏Å‡∏•‡∏∑‡∏≠‡∏Å‡∏ß‡πâ‡∏≤‡∏á‡∏Ç‡∏ß‡∏≤‡∏á‡∏™‡∏∞‡∏≠‡∏≤‡∏î‡∏î‡∏µ‡∏°‡∏≤‡∏Å 6.‡∏Å‡∏≤‡∏£‡∏à‡πà‡∏≤‡∏¢‡∏¢‡∏≤‡∏≠‡∏≤‡∏à‡∏°‡∏µ‡∏ä‡πâ‡∏≤‡∏ö‡πâ‡∏≤‡∏á‡πÄ‡∏õ‡πá‡∏ô‡∏ö‡∏≤‡∏á‡∏Ñ‡∏£‡∏±‡πâ‡∏á‡πÅ‡∏ï‡πà‡∏≠‡∏¢‡∏π‡πà‡πÉ‡∏ô‡πÄ‡∏Å‡∏ì‡∏ë‡πå‡∏ó‡∏µ‡πà‡∏£‡∏±‡∏ö‡πÑ‡∏î‡πâ 7.‡πÄ‡∏†‡∏™‡∏±‡∏ä‡πÉ‡∏´‡πâ‡∏Ñ‡∏ß‡∏≤‡∏°‡∏£‡∏π‡πâ‡πÉ‡∏ô‡∏Å‡∏≤‡∏£‡πÉ‡∏ä‡πâ‡∏¢‡∏≤‡πÑ‡∏î‡πâ‡∏≠‡∏¢‡πà‡∏≤‡∏á‡∏•‡∏∞‡πÄ‡∏≠‡∏µ‡∏¢‡∏î‡∏â‡∏•‡∏≤‡∏Å‡∏´‡∏ô‡πâ‡∏≤‡∏ã‡∏≠‡∏á‡∏¢‡∏≤‡∏ä‡∏±‡∏î‡πÄ‡∏à‡∏ô‡∏î‡∏µ 8.‡∏´‡πâ‡∏≠‡∏á‡∏ô‡πâ‡∏≥‡∏™‡∏∞‡∏≠‡∏≤‡∏î‡∏°‡∏µ‡∏à‡∏≥‡∏ô‡∏ß‡∏ô‡πÄ‡∏û‡∏µ‡∏¢‡∏á‡∏û‡∏≠ 9.‡∏à‡∏∏‡∏î‡∏ö‡∏£‡∏¥‡∏Å‡∏≤‡∏£‡∏•‡∏π‡∏Å‡∏Ñ‡πâ‡∏≤‡πÄ‡∏ä‡πà‡∏ô‡∏ô‡πâ‡∏≥‡∏î‡∏∑‡πà‡∏°‡∏°‡∏µ‡∏°‡∏≤‡∏Å‡πÅ‡∏•‡∏∞‡∏™‡∏∞‡∏≠‡∏≤‡∏î‡∏î‡∏µ",4
‡πÅ‡∏û‡∏ó‡∏¢‡πå ‡∏î‡∏π‡πÅ‡∏•‡πÉ‡∏™‡πà‡πÉ‡∏à‡∏Ñ‡∏ô‡πÑ‡∏Ç‡πâ  ‡∏ö‡∏∏‡∏Ñ‡∏•‡∏≤‡∏Å‡∏£. ‡∏î‡∏π‡πÅ‡∏•‡πÉ‡∏™‡πà‡πÉ‡∏à‡∏á‡∏≤‡∏ô‡∏ö‡∏£‡∏¥‡∏Å‡∏≤‡∏£‡∏î‡∏µ,5
‡πÄ‡∏à‡πâ‡∏≤‡∏´‡∏ô‡πâ‡∏≤‡∏ó‡∏µ‡πà‡∏ó‡∏±‡πà‡∏á‡πÅ‡∏û‡∏ó‡∏¢‡πå ‡∏û‡∏¢‡∏≤‡∏ö‡∏≤‡∏• ‡∏ú‡∏π‡πâ‡∏ä‡πà‡∏ß‡∏¢‡∏Ñ‡∏ô‡πÑ‡∏Ç‡πâ ‡πÄ‡∏ß‡∏£‡πÄ‡∏õ‡∏• ‡πÅ‡∏°‡πà‡∏ö‡πâ‡∏≤‡∏ô ‡∏£‡∏õ‡∏†. ‡∏ó‡∏≥‡∏´‡∏ô‡πâ‡∏≤‡∏ó‡∏µ‡πà‡∏î‡∏µ‡∏°‡∏≤‡∏Å‡πÜ‡∏Ñ‡πà‡∏∞ ‡∏î‡∏π‡πÅ‡∏•‡∏î‡∏µ‡∏°‡∏≤‡∏Å‡∏Ñ‡πà‡∏∞ ‡∏¢‡∏¥‡πâ‡∏°‡πÅ‡∏¢‡πâ‡∏°‡πÅ‡∏à‡πà‡∏°‡πÉ‡∏™ ‡∏™‡∏°‡∏Å‡∏∞‡πÄ‡∏õ‡πá‡∏ô‡∏£‡∏û.‡∏≠‡∏¥‡∏ô‡πÄ‡∏ï‡∏≠‡∏£‡πå,5
‡∏£‡∏û. ‡∏Å‡∏ß‡πâ‡∏≤‡∏á‡∏Ç‡∏ß‡∏≤‡∏á ‡∏™‡∏∞‡∏î‡∏ß‡∏Å‡∏™‡∏ö‡∏≤‡∏¢ ‡πÅ‡∏ï‡πà‡∏£‡∏≠‡∏Ñ‡∏¥‡∏ß‡∏Ñ‡πà‡∏≠‡∏ô‡∏Ç‡πâ‡∏≤‡∏á‡∏ô‡∏≤‡∏ô‡πÉ‡∏ô‡∏ó‡∏∏‡∏Å‡∏Ç‡∏±‡πâ‡∏ô‡∏ï‡∏≠‡∏ô ‡∏û‡∏¢‡∏≤‡∏ö‡∏≤‡∏•‡∏ö‡∏£‡∏¥‡∏Å‡∏≤‡∏£‡∏î‡∏µ‡∏¢‡∏¥‡πâ‡∏°‡πÅ‡∏¢‡πâ‡∏°‡πÅ‡∏à‡πà‡∏°‡πÉ‡∏™‡πà ‡∏Ñ‡∏∏‡∏ì‡∏´‡∏°‡∏≠‡∏î‡∏π‡πÅ‡∏•‡πÄ‡∏≠‡∏≤‡πÉ‡∏à‡πÉ‡∏™‡πà‡∏î‡∏µ‡∏Ñ‡πà‡∏∞,3
‡πÅ‡∏û‡∏ó‡∏¢‡πå‡∏î‡∏µ‡∏°‡∏≤‡∏Å‡∏î‡∏π‡πÅ‡∏•‡πÄ‡∏≠‡∏≤‡πÉ‡∏à‡πÉ‡∏™‡πà‡∏Ñ‡∏ô‡πÑ‡∏Ç‡πâ ‡πÅ‡∏°‡πà‡∏õ‡πà‡∏ß‡∏¢‡∏´‡∏•‡∏≤‡∏¢‡πÇ‡∏£‡∏Ñ‡∏´‡∏°‡∏≠‡∏ó‡∏µ‡πà‡∏£‡∏û‡∏¢‡∏±‡∏ô‡∏Æ‡∏µ‡πÄ‡∏≠‡∏≤‡πÉ‡∏à‡πÉ‡∏™‡πà‡∏´‡∏≤‡∏™‡∏≤‡πÄ‡∏´‡∏ï‡∏∏‡∏Ç‡∏≠‡∏á‡πÇ‡∏£‡∏Ñ‡∏£‡∏±‡∏Å‡∏©‡∏≤‡πÄ‡∏£‡πá‡∏ß‡∏ï‡πà‡∏≠‡πÄ‡∏ô‡∏∑‡πà‡∏≠‡∏á‡∏™‡πà‡∏á‡∏ï‡πà‡∏≠‡∏´‡∏°‡∏≠‡∏ó‡∏µ‡πà‡∏°‡∏µ‡∏Ñ‡∏ß‡∏≤‡∏°‡∏™‡∏≤‡∏°‡∏≤‡∏£‡∏ñ‡πÄ‡∏â‡∏û‡∏≤‡∏∞‡∏ó‡∏≤‡∏á ‡∏™‡∏ñ‡∏≤‡∏ô‡∏ó‡∏µ‡πà‡∏™‡∏∞‡∏≠‡∏≤‡∏î ‡∏û‡∏¢‡∏≤‡∏ö‡∏≤‡∏•‡πÄ‡∏≠‡∏≤‡πÉ‡∏à‡πÉ‡∏™‡πà‡∏î‡∏µ,4
‡∏Ñ‡∏∏‡∏ì‡∏´‡∏°‡∏≠ ‡πÉ‡∏´‡πâ‡∏Ñ‡∏≥‡∏≠‡∏ò‡∏¥‡∏ö‡∏≤‡∏¢ ‡πÅ‡∏•‡∏∞‡∏Ñ‡∏≥‡∏õ‡∏£‡∏∂‡∏Å‡∏©‡∏≤ ‡∏ó‡∏µ‡πà‡∏î‡∏µ ‡∏û‡∏£‡πâ‡∏≠‡∏°‡∏ó‡∏±‡πâ‡∏á‡∏°‡∏µ‡∏ó‡∏≤‡∏á‡πÄ‡∏•‡∏∑‡∏≠‡∏Å‡πÉ‡∏´‡πâ‡∏Å‡∏±‡∏ö‡∏Ñ‡∏ô‡πÑ‡∏Ç‡πâ ‡πÄ‡∏™‡∏°‡∏≠,5
‡∏î‡∏π‡πÅ‡∏•‡∏ó‡∏∏‡∏Å‡∏Ç‡∏±‡πâ‡∏ô‡∏ï‡∏≠‡∏ô‡∏î‡∏µ‡∏°‡∏≤‡∏Å,5
‡πÇ‡∏£‡∏á‡∏û‡∏¢‡∏≤‡∏ö‡∏≤‡∏•‡∏¢‡∏±‡∏ô‡∏Æ‡∏µ ‡πÄ‡∏õ‡πá‡∏ô‡πÇ‡∏£‡∏á‡∏û‡∏¢‡∏≤‡∏ö‡∏≤‡∏•‡∏ä‡∏±‡πâ‡∏ô‡πÄ‡∏•‡∏¥‡∏® ‡∏ó‡∏µ‡πà‡∏ó‡∏∏‡∏Å‡∏Ñ‡∏ô‡πÑ‡∏ß‡πâ‡∏ß‡∏≤‡∏á‡πÉ‡∏à‡∏î‡πâ‡∏≤‡∏ô‡∏Å‡∏≤‡∏£‡∏£‡∏±‡∏Å‡∏©‡∏≤ ‡πÅ‡∏•‡∏∞‡∏°‡∏µ‡πÅ‡∏û‡∏ó‡∏¢‡πå‡πÄ‡∏ä‡∏µ‡πà‡∏¢‡∏ß‡∏ä‡∏≤‡∏ç‡∏î‡πâ‡∏≤‡∏ô‡∏®‡∏±‡∏•‡∏¢‡∏Å‡∏£‡∏£‡∏°‡∏´‡∏•‡∏≤‡∏¢‡πÜ‡∏î‡πâ‡∏≤‡∏ô ‡πÄ‡∏´‡∏°‡∏≤‡∏∞‡πÅ‡∏Å‡πà‡∏Å‡∏≤‡∏£‡πÑ‡∏ß‡πâ‡πÉ‡∏à ‡πÄ‡∏ô‡∏∑‡πà‡∏≠‡∏á‡∏à‡∏≤‡∏Å‡πÄ‡∏õ‡πá‡∏ô ‡πÇ‡∏£‡∏á‡∏û‡∏¢‡∏≤‡∏ö‡∏≤‡∏•‡∏ó‡∏µ‡πà‡∏î‡∏µ ‡πÅ‡∏•‡∏∞‡∏Ñ‡∏∏‡∏ì‡∏†‡∏≤‡∏û‡∏Å‡∏≤‡∏£‡∏£‡∏±‡∏Å‡∏©‡∏≤‡∏î‡∏µ‡πÄ‡∏¢‡∏µ‡πà‡∏¢‡∏°‡∏Ñ‡πà‡∏∞,5
‡πÄ‡∏£‡∏≤‡πÄ‡∏õ‡πá‡∏ô‡∏Ñ‡∏ô‡πÑ‡∏Ç‡πâ‡∏õ‡∏£‡∏∞‡∏Å‡∏±‡∏ô‡∏™‡∏±‡∏á‡∏Ñ‡∏° ‡∏°‡∏≤‡πÉ‡∏ä‡πâ‡∏ö‡∏£‡∏¥‡∏Å‡∏≤‡∏£‡∏ó‡∏µ‡πà ‡∏£‡∏û.‡∏¢‡∏±‡∏ô‡∏Æ‡∏µ‡∏Ñ‡πà‡∏∞ ‡πÄ‡∏û‡∏£‡∏≤‡∏∞‡πÄ‡∏õ‡πá‡∏ô‡πÇ‡∏£‡∏Ñ‡∏Ñ‡∏ß‡∏≤‡∏°‡∏î‡∏±‡∏ô‡πÇ‡∏•‡∏´‡∏¥‡∏ï‡∏™‡∏π‡∏á ‡∏ó‡∏µ‡πà‡∏ï‡πâ‡∏≠‡∏á‡∏ó‡∏≤‡∏ô‡∏¢‡∏≤‡∏ï‡πà‡∏≠‡πÄ‡∏ô‡∏∑‡πà‡∏≠‡∏á‡∏ó‡∏∏‡∏Å‡∏ß‡∏±‡∏ô ‡∏Å‡∏≤‡∏£‡∏°‡∏≤‡πÉ‡∏ä‡πâ‡∏ö‡∏£‡∏¥‡∏Å‡∏≤‡∏£‡∏ó‡∏µ‡πà‡∏ô‡∏µ‡πà‡∏™‡∏∞‡∏î‡∏ß‡∏Å‡∏î‡∏µ‡∏ô‡∏∞‡∏Ñ‡∏∞‡πÄ‡∏û‡∏£‡∏≤‡∏∞‡πÉ‡∏Å‡∏•‡πâ‡∏ó‡∏µ‡πà‡∏ó‡∏≥‡∏á‡∏≤‡∏ô‡∏Ñ‡πà‡∏∞ ‡πÅ‡∏ñ‡∏°‡∏û‡∏¢‡∏≤‡∏ö‡∏≤‡∏•‡∏ö‡∏£‡∏¥‡∏Å‡∏≤‡∏£‡∏î‡∏µ ‡∏û‡∏π‡∏î‡∏à‡∏≤‡πÑ‡∏û‡πÄ‡∏£‡∏≤‡∏∞ ‡∏•‡πà‡∏≤‡∏™‡∏∏‡∏î ‡πÄ‡∏£‡∏≤‡∏°‡∏≤‡∏´‡∏≤‡∏´‡∏°‡∏≠‡∏ï‡∏≤‡∏°‡∏ô‡∏±‡∏î‡πÄ‡∏û‡∏∑‡πà‡∏≠‡∏ï‡∏£‡∏ß‡∏à‡∏Ñ‡∏ß‡∏≤‡∏°‡∏î‡∏±‡∏ô ‡πÄ‡∏°‡∏∑‡πà‡∏≠‡πÄ‡∏î‡∏∑‡∏≠‡∏ô‡∏ò‡∏±‡∏ô‡∏ß‡∏≤‡∏Ñ‡∏° 2559 ‡∏Ñ‡πà‡∏∞...‡πÄ‡∏ß‡∏•‡∏≤‡∏°‡∏≤‡∏ñ‡∏∂‡∏á ‡∏£‡∏û. ‡πÄ‡∏£‡∏≤‡∏Å‡πá‡∏¢‡∏∑‡πà‡∏ô‡πÉ‡∏ö‡∏ô‡∏±‡∏î‡πÅ‡∏û‡∏ó‡∏¢‡πå‡∏ó‡∏µ‡πà‡πÄ‡∏Ñ‡∏≤‡∏ô‡πå‡πÄ‡∏ï‡∏≠‡∏£‡πå‡∏ï‡∏£‡∏á‡∏õ‡∏£‡∏∞‡∏Å‡∏±‡∏ô‡∏™‡∏±‡∏á‡∏Ñ‡∏° ‡∏û‡∏¢‡∏≤‡∏ö‡∏≤‡∏•‡∏à‡∏∞‡πÉ‡∏´‡πâ‡∏ö‡∏±‡∏ï‡∏£‡∏Ñ‡∏¥‡∏ß‡πÄ‡∏û‡∏∑‡πà‡∏≠‡∏£‡∏≠‡∏ß‡∏±‡∏î‡∏Ñ‡∏ß‡∏≤‡∏°‡∏î‡∏±‡∏ô‡πÅ‡∏•‡∏∞‡∏ô‡πâ‡∏≥‡∏´‡∏ô‡∏±‡∏Å ‡∏£‡∏≠‡πÅ‡∏õ‡πä‡∏ö‡πÄ‡∏î‡∏µ‡∏¢‡∏ß‡πÑ‡∏°‡πà‡∏ñ‡∏∂‡∏á‡∏™‡∏¥‡∏ö‡∏ô‡∏≤‡∏ó‡∏µ‡∏à‡∏∞‡πÑ‡∏î‡πâ‡∏¢‡∏¥‡∏ô‡πÄ‡∏™‡∏µ‡∏¢‡∏á‡∏≠‡∏±‡∏ï‡πÇ‡∏ô‡∏°‡∏±‡∏ï‡∏¥‡πÄ‡∏£‡∏µ‡∏¢‡∏Å‡∏´‡∏°‡∏≤‡∏¢‡πÄ‡∏•‡∏Ç‡∏Ñ‡∏¥‡∏ß‡πÄ‡∏Ç‡πâ‡∏≤‡∏ß‡∏±‡∏î‡∏Ñ‡∏ß‡∏≤‡∏°‡∏î‡∏±‡∏ô‡∏ï‡∏≤‡∏°‡∏ä‡πà‡∏≠‡∏á‡∏ï‡∏£‡∏ß‡∏à ‡πÄ‡∏°‡∏∑‡πà‡∏≠‡∏ß‡∏±‡∏î‡∏Ñ‡∏ß‡∏≤‡∏°‡∏î‡∏±‡∏ô‡πÅ‡∏•‡∏∞‡∏ô‡πâ‡∏≥‡∏´‡∏ô‡∏±‡∏Å‡πÅ‡∏•‡πâ‡∏ß ‡∏û‡∏¢‡∏≤‡∏ö‡∏≤‡∏•‡∏ó‡∏≥‡∏Å‡∏≤‡∏£‡∏ö‡∏±‡∏ô‡∏ó‡∏∂‡∏Å‡∏Ç‡πâ‡∏≠‡∏°‡∏π‡∏•‡πÅ‡∏•‡∏∞‡∏à‡∏∞‡∏™‡∏≠‡∏ö‡∏ñ‡∏≤‡∏°‡πÄ‡∏û‡∏¥‡πà‡∏°‡πÄ‡∏ï‡∏¥‡∏°‡∏ñ‡∏∂‡∏á‡∏≠‡∏≤‡∏Å‡∏≤‡∏£‡∏ó‡∏µ‡πà‡πÄ‡∏£‡∏≤‡πÄ‡∏õ‡πá‡∏ô‡∏≠‡∏¢‡∏π‡πà ‡∏Å‡πà‡∏≠‡∏ô‡∏ó‡∏µ‡πà‡πÄ‡∏£‡∏≤‡∏à‡∏∞‡πÑ‡∏õ‡∏ô‡∏±‡πà‡∏á‡∏£‡∏≠‡∏ó‡∏µ‡πà‡πÄ‡∏Å‡πâ‡∏≤‡∏≠‡∏µ‡πâ‡∏î‡πâ‡∏≤‡∏ô‡πÉ‡∏ô ‡πÄ‡∏û‡∏∑‡πà‡∏≠‡∏£‡∏≠‡πÄ‡∏£‡∏µ‡∏¢‡∏Å‡∏Ñ‡∏¥‡∏ß‡∏û‡∏ö‡∏Ñ‡∏∏‡∏ì‡∏´‡∏°‡∏≠‡∏Ñ‡πà‡∏∞ ‡∏à‡∏≤‡∏Å‡∏ó‡∏µ‡πà‡πÄ‡∏£‡∏≤‡∏°‡∏≤‡∏û‡∏ö‡∏Ñ‡∏∏‡∏ì‡∏´‡∏°‡∏≠‡∏ó‡∏∏‡∏Å‡∏™‡∏≤‡∏°‡πÄ‡∏î‡∏∑‡∏≠‡∏ô‡∏ï‡∏≤‡∏°‡∏ô‡∏±‡∏î ‡∏£‡∏π‡πâ‡∏™‡∏∂‡∏Å‡∏ß‡πà‡∏≤‡∏ñ‡πâ‡∏≤‡∏°‡∏≤‡∏ä‡πà‡∏ß‡∏á‡∏ö‡πà‡∏≤‡∏¢‡∏Ñ‡∏¥‡∏ß‡∏à‡∏∞‡∏ô‡πâ‡∏≠‡∏¢‡∏Å‡∏ß‡πà‡∏≤‡∏ä‡πà‡∏ß‡∏á‡πÄ‡∏ä‡πâ‡∏≤‡∏Ñ‡πà‡∏∞ ...‡∏£‡∏≠‡∏ô‡∏±‡πà‡∏á‡πÄ‡∏£‡∏µ‡∏¢‡∏Å‡∏Ñ‡∏¥‡∏ß‡∏ï‡∏≤‡∏°‡∏´‡∏°‡∏≤‡∏¢‡πÄ‡∏•‡∏Ç‡∏™‡∏±‡∏Å‡∏Ñ‡∏£‡∏∂‡πà‡∏á‡∏ä‡∏±‡πà‡∏ß‡πÇ‡∏°‡∏á ‡∏´‡∏£‡∏∑‡∏≠‡∏ö‡∏≤‡∏á‡∏ß‡∏±‡∏ô‡∏Å‡πá‡∏´‡∏ô‡∏∂‡πà‡∏á‡∏Ç‡∏±‡πà‡∏ß‡πÇ‡∏°‡∏á‡∏ï‡∏≤‡∏°‡πÅ‡∏ï‡πà‡∏à‡∏≥‡∏ô‡∏ß‡∏ô‡∏Ñ‡∏ô‡πÑ‡∏Ç‡πâ‡∏°‡∏≤‡∏Å‡∏ô‡πâ‡∏≠‡∏¢‡πÉ‡∏ô‡πÅ‡∏ï‡πà‡∏•‡∏∞‡∏ß‡∏±‡∏ô ‡∏Å‡πá‡∏à‡∏∞‡∏¢‡πâ‡∏≤‡∏¢‡πÑ‡∏õ‡∏ô‡∏±‡πà‡∏á‡∏£‡∏≠‡∏ó‡∏µ‡πà‡∏´‡∏ô‡πâ‡∏≤‡∏´‡πâ‡∏≠‡∏á‡∏ï‡∏£‡∏ß‡∏à‡πÄ‡∏°‡∏∑‡πà‡∏≠‡πÑ‡∏î‡πâ‡∏¢‡∏¥‡∏ô‡πÄ‡∏™‡∏µ‡∏¢‡∏á‡∏õ‡∏£‡∏∞‡∏Å‡∏≤‡∏®‡πÄ‡∏£‡∏µ‡∏¢‡∏Å‡∏Ñ‡∏¥‡∏ß‡∏≠‡∏µ‡∏Å‡∏Ñ‡∏£‡∏±‡πâ‡∏á ‡πÅ‡∏•‡∏∞‡∏Ñ‡∏£‡∏≤‡∏ß‡∏ô‡∏µ‡πâ‡∏°‡∏≤‡∏ô‡∏±‡πà‡∏á‡∏£‡∏≠‡∏û‡∏ö‡∏´‡∏ô‡πâ‡∏≤‡∏´‡πâ‡∏≠‡∏á‡∏ï‡∏£‡∏ß‡∏à ‡∏û‡∏¢‡∏≤‡∏ö‡∏≤‡∏•‡πÉ‡∏à‡∏î‡∏µ‡∏à‡∏∞‡∏Ç‡∏≤‡∏ô‡∏ä‡∏∑‡πà‡∏≠‡∏ú‡∏π‡πâ‡∏õ‡πà‡∏ß‡∏¢‡∏ï‡∏≤‡∏°‡∏•‡∏≥‡∏î‡∏±‡∏ö‡∏Ñ‡πà‡∏∞ ‡πÄ‡∏Ç‡πâ‡∏≤‡∏´‡πâ‡∏≠‡∏á‡∏û‡∏ö‡∏Ñ‡∏∏‡∏ì‡∏´‡∏°‡∏≠‡πÉ‡∏à‡∏î‡∏µ ‡πÄ‡∏õ‡πá‡∏ô‡πÅ‡∏û‡∏ó‡∏¢‡πå‡∏´‡∏ç‡∏¥‡∏á‡∏ú‡∏¥‡∏ß‡∏Ç‡∏≤‡∏ß ‡∏ô‡πâ‡∏≥‡πÄ‡∏™‡∏µ‡∏¢‡∏á‡πÉ‡∏à‡∏î‡∏µ ‡∏ñ‡∏≤‡∏°‡πÑ‡∏ñ‡πà‡∏≠‡∏≤‡∏Å‡∏≤‡∏£‡∏ß‡πà‡∏≤‡πÄ‡∏õ‡πá‡∏ô‡∏≠‡∏¢‡πà‡∏≤‡∏á‡πÑ‡∏£ ‡πÅ‡∏•‡∏∞‡πÄ‡∏≠‡∏≤‡πÄ‡∏Ñ‡∏£‡∏∑‡πà‡∏≠‡∏á‡∏ü‡∏±‡∏á‡∏°‡∏≤‡∏ó‡∏≤‡∏ö‡∏´‡∏ô‡πâ‡∏≤‡∏≠‡∏Å‡πÄ‡∏£‡∏≤ ‡∏Ñ‡∏á‡∏ü‡∏±‡∏á‡πÄ‡∏™‡∏µ‡∏¢‡∏á‡∏≠‡∏∞‡πÑ‡∏£‡∏™‡∏±‡∏Å‡∏≠‡∏¢‡πà‡∏≤‡∏á‡∏ó‡∏≤‡∏á‡∏Å‡∏≤‡∏£‡πÅ‡∏û‡∏ó‡∏¢‡πå‡∏ô‡πà‡∏∞‡∏Ñ‡πà‡∏∞ ‡πÅ‡∏•‡∏∞‡∏à‡∏≤‡∏Å‡∏ú‡∏•‡∏Å‡∏≤‡∏£‡∏ß‡∏±‡∏î‡∏Ñ‡∏ß‡∏≤‡∏°‡∏î‡∏±‡∏ô‡∏Ç‡∏≠‡∏á‡πÄ‡∏£‡∏≤‡∏ó‡∏µ‡πà‡∏ú‡∏•‡∏î‡∏µ‡∏Ç‡∏∂‡πâ‡∏ô ‡∏Ñ‡∏ß‡∏≤‡∏°‡∏î‡∏±‡∏ô‡πÇ‡∏•‡∏´‡∏¥‡∏ï‡∏•‡∏î‡∏•‡∏á‡∏à‡∏≤‡∏Å‡πÄ‡∏°‡∏∑‡πà‡∏≠‡∏Å‡πà‡∏≠‡∏ô‡∏ó‡∏µ‡πà‡∏ß‡∏±‡∏î‡πÑ‡∏î‡πâ‡∏õ‡∏£‡∏∞‡∏°‡∏≤‡∏ì40 ‡∏ï‡∏≠‡∏ô‡∏ô‡∏µ‡πâ‡∏•‡∏î‡∏°‡∏≤‡πÄ‡∏´‡∏•‡∏∑‡∏≠ 126 ‡∏Ñ‡∏∏‡∏ì‡∏´‡∏°‡∏≠‡∏ä‡∏°‡∏Ñ‡πà‡∏∞ ‡∏ß‡πà‡∏≤‡πÄ‡∏£‡∏≤‡∏õ‡∏è‡∏¥‡∏ö‡∏±‡∏ï‡∏¥‡∏ï‡∏±‡∏ß‡∏ï‡∏≤‡∏°‡πÅ‡∏û‡∏ó‡∏¢‡πå‡∏™‡∏±‡πà‡∏á‡∏î‡∏µ‡∏°‡∏≤‡∏Å‡πÄ‡∏û‡∏£‡∏≤‡∏∞‡πÑ‡∏°‡πà‡∏≠‡∏î‡∏ô‡∏≠‡∏ô ‡∏ó‡∏≤‡∏ô‡∏¢‡∏≤‡∏™‡∏°‡πà‡∏≥‡πÄ‡∏™‡∏°‡∏≠ ‡∏á‡∏î‡∏Ç‡∏≠‡∏á‡∏°‡∏±‡∏ô ‡πÅ‡∏•‡∏∞‡∏û‡∏¢‡∏≤‡∏¢‡∏≤‡∏°‡πÑ‡∏°‡πà‡πÄ‡∏Ñ‡∏£‡∏µ‡∏¢‡∏î ‡∏™‡πà‡∏á‡∏ú‡∏•‡πÉ‡∏´‡πâ‡∏™‡∏∏‡∏Ç‡∏†‡∏≤‡∏û‡∏î‡∏µ‡∏Ç‡∏∂‡πâ‡∏ô ‡πÄ‡∏°‡∏∑‡πà‡∏≠‡∏Ñ‡∏∏‡∏¢‡∏™‡∏±‡∏Å‡∏û‡∏±‡∏Å‡πÄ‡∏™‡∏£‡πá‡∏à‡πÄ‡∏£‡∏µ‡∏¢‡∏ö‡∏£‡πâ‡∏≠‡∏¢ ‡∏Ñ‡∏∏‡∏ì‡∏´‡∏°‡∏≠‡∏Å‡πá‡πÄ‡∏Ç‡∏µ‡∏¢‡∏ô‡πÉ‡∏ö‡∏™‡∏±‡πà‡∏á‡∏¢‡∏≤‡∏ï‡∏≤‡∏°‡πÄ‡∏î‡∏¥‡∏° ‡∏ô‡∏±‡∏î‡∏≠‡∏µ‡∏Å‡∏™‡∏≤‡∏°‡πÄ‡∏î‡∏∑‡∏≠‡∏ô‡∏°‡∏≤‡∏ï‡∏£‡∏ß‡∏à‡πÉ‡∏´‡∏°‡πà‡∏ã‡∏∂‡πà‡∏á‡∏Å‡πá‡∏à‡∏∞‡πÄ‡∏õ‡πá‡∏ô‡πÄ‡∏î‡∏∑‡∏≠‡∏ô‡∏°‡∏µ‡∏ô‡∏≤‡∏Ñ‡∏° 2560 ‡∏ô‡∏µ‡πâ‡∏Ñ‡πà‡∏∞ ‡∏Ñ‡∏£‡∏≤‡∏ß‡∏ô‡∏µ‡πâ‡∏Ç‡∏≠‡πÄ‡∏à‡∏≤‡∏∞‡πÄ‡∏•‡∏∑‡∏≠‡∏î‡∏î‡∏π‡∏î‡πâ‡∏ß‡∏¢ ‡πÄ‡∏û‡∏£‡∏≤‡∏∞‡∏£‡∏±‡∏Å‡∏©‡∏≤‡∏ï‡πà‡∏≠‡πÄ‡∏ô‡∏∑‡πà‡∏≠‡∏á‡∏°‡∏≤ 1 ‡∏õ‡∏µ‡πÅ‡∏•‡πâ‡∏ß ‡∏Ç‡∏≠‡∏î‡∏π‡∏ú‡∏•‡πÄ‡∏•‡∏∑‡∏≠‡∏î‡∏õ‡∏£‡∏∞‡∏Å‡∏≠‡∏ö‡∏î‡πâ‡∏ß‡∏¢‡∏Ñ‡πà‡∏∞ ...‡∏Å‡πá‡∏£‡∏π‡πâ‡∏™‡∏∂‡∏Å‡∏õ‡∏£‡∏∞‡∏ó‡∏±‡∏ö‡πÉ‡∏à‡∏ô‡∏∞‡∏Ñ‡∏∞‡∏Å‡∏±‡∏ö‡∏Å‡∏≤‡∏£‡∏£‡∏±‡∏Å‡∏©‡∏≤‡∏Ç‡∏≠‡∏á‡πÅ‡∏û‡∏ó‡∏¢‡πå‡∏ó‡∏µ‡πà‡∏ô‡∏µ‡πà ‡∏°‡∏µ‡∏Å‡∏≤‡∏£‡∏ñ‡∏≤‡∏°‡πÑ‡∏ñ‡πà‡∏≠‡∏≤‡∏Å‡∏≤‡∏£ ‡πÅ‡∏ô‡∏∞‡∏ô‡∏≥ ‡πÅ‡∏•‡∏∞‡∏ï‡∏≤‡∏°‡πÄ‡∏ä‡πá‡∏Å‡∏Å‡∏≤‡∏£‡πÄ‡∏õ‡∏•‡∏µ‡πà‡∏¢‡∏ô‡πÅ‡∏õ‡∏•‡∏á‡∏Ç‡∏≠‡∏á‡∏£‡πà‡∏≤‡∏á‡∏Å‡∏≤‡∏¢ ‡πÅ‡∏•‡∏∞‡∏Ñ‡∏¥‡∏î‡∏ß‡πà‡∏≤‡∏ñ‡πâ‡∏≤‡πÄ‡∏£‡∏≤‡∏õ‡∏è‡∏¥‡∏ö‡∏±‡∏ï‡∏¥‡∏ï‡∏≤‡∏°‡πÅ‡∏û‡∏ó‡∏¢‡πå‡∏™‡∏±‡πà‡∏á‡∏≠‡∏¢‡πà‡∏≤‡∏á‡∏Ñ‡∏£‡∏ö‡∏ñ‡πâ‡∏ß‡∏ô ‡∏≠‡∏ô‡∏≤‡∏Ñ‡∏ï‡πÄ‡∏£‡∏≤‡∏≠‡∏≤‡∏à‡πÑ‡∏°‡πà‡∏ï‡πâ‡∏≠‡∏á‡∏û‡∏∂‡πà‡∏á‡∏¢‡∏≤‡∏≠‡∏µ‡∏Å‡πÄ‡∏•‡∏¢‡∏Å‡πá‡πÑ‡∏î‡πâ‡∏Ñ‡πà‡∏∞,4
‡πÑ‡∏õ‡∏ó‡∏µ‡πÑ‡∏£‡∏£‡∏≠‡∏ô‡∏≤‡∏ô‡∏°‡∏≤‡∏Å‡∏Ñ‡∏ô‡πÄ‡∏¢‡∏≠‡∏∞‡∏û‡∏¢‡∏≤‡∏ö‡∏≤‡∏•‡πÑ‡∏°‡πà‡∏Ñ‡πà‡∏≠‡∏¢‡πÉ‡∏´‡πâ‡∏Ç‡πâ‡∏≠‡∏°‡∏π‡∏•‡∏ß‡πà‡∏≤‡∏ï‡πâ‡∏≠‡∏á‡∏ó‡∏≥‡∏≠‡∏∞‡πÑ‡∏£‡∏ï‡πà‡πÅ‡∏´‡∏•‡∏±‡∏á‡∏à‡∏≤‡∏Å‡∏û‡∏ö‡∏´‡∏°‡∏≠‡πÄ‡∏™‡∏£‡πá‡∏à‡πÅ‡∏•‡πâ‡∏ß,4
‡∏î‡∏π‡πÄ‡πÄ‡∏•‡∏Ñ‡∏ô‡πÑ‡∏Ç‡πâ‡πÄ‡∏õ‡πá‡∏ô‡∏≠‡∏¢‡πà‡∏≤‡∏á‡∏î‡∏µ‡πÑ‡∏°‡πà‡∏°‡∏µ‡∏Ç‡∏≤‡∏î‡∏ï‡∏Å‡∏ö‡∏Å‡∏û‡∏£‡∏≠‡∏á,5
‡∏Ñ‡∏∏‡∏ì‡∏´‡∏°‡∏≠‡∏î‡∏π‡πÅ‡∏•‡∏î‡∏µ‡∏°‡∏≤‡∏Å ‡∏û‡∏π‡∏î‡∏à‡∏≤‡∏™‡∏∏‡∏†‡∏≤‡∏û ‡∏û‡∏¢‡∏≤‡∏ö‡∏≤‡∏•‡∏ä‡πà‡∏ß‡∏¢‡πÅ‡∏ö‡πà‡∏á‡πÄ‡∏ö‡∏≤‡πÉ‡∏ô‡∏Å‡∏≤‡∏£‡∏ï‡πâ‡∏î‡∏ï‡πà‡∏≠‡∏õ‡∏£‡∏∂‡∏Å‡∏©‡∏≤ ‡πÉ‡∏´‡πâ‡∏Ñ‡∏≥‡πÅ‡∏ô‡∏∞‡∏ô‡∏≥ ‡∏ß‡∏≤‡∏à‡∏≤‡∏™‡∏∏‡∏†‡∏≤‡∏û,4
‡∏°‡∏µ‡∏Å‡∏≤‡∏£‡∏î‡∏π‡πÅ‡∏•‡πÄ‡∏≠‡∏≤‡πÉ‡∏à‡πÉ‡∏™‡πà‡∏•‡∏π‡∏Å‡∏Ñ‡πâ‡∏≤‡πÄ‡∏õ‡∏ô‡∏≠‡∏¢‡πà‡∏≤‡∏î‡∏µ,5
‡∏Å‡∏≤‡∏£‡∏ó‡∏µ‡πà‡πÑ‡∏î‡πâ‡πÄ‡∏Ç‡πâ‡∏≤‡πÑ‡∏õ‡πÉ‡∏ä‡πâ‡∏ö‡∏£‡∏¥‡∏Å‡∏≤‡∏£‡∏°‡∏≤ ‡∏Ñ‡∏£‡∏±‡πâ‡∏á‡∏•‡πà‡∏≤‡∏™‡∏∏‡∏î‡∏Å‡πâ‡πÑ‡∏î‡πâ‡∏Ñ‡∏ß‡∏≤‡∏°‡∏õ‡∏£‡∏∞‡∏ó‡∏±‡∏ö‡∏Å‡∏•‡∏±‡∏ö‡∏°‡∏≤‡∏Ñ‡∏∑‡∏≠ ‡∏Å‡∏≤‡∏£‡∏ö‡∏£‡∏¥‡∏Å‡∏≤‡∏£‡πÄ‡∏≠‡∏≤‡πÉ‡∏à‡∏ï‡πà‡∏≠‡∏Ñ‡∏ô‡πÑ‡∏Ç‡πâ ‡∏Ñ‡∏≠‡∏¢‡∏ä‡πà‡∏ß‡∏¢‡πÄ‡∏´‡∏•‡∏∑‡∏≠‡∏Ñ‡∏ô‡πÑ‡∏Ç‡πâ ‡∏Ñ‡∏≠‡∏¢‡∏≠‡∏≥‡∏ô‡∏ß‡∏¢‡∏Ñ‡∏ß‡∏≤‡∏°‡∏™‡∏∞‡∏î‡∏ß‡∏Å‡∏™‡∏ö‡∏≤‡∏¢ ‡∏ó‡∏≥‡πÉ‡∏´‡πâ‡∏î‡∏¥‡∏â‡∏±‡∏ô‡∏õ‡∏£‡∏∞‡∏ó‡∏±‡∏ö‡πÉ‡∏à‡πÉ‡∏ô‡∏Å‡∏≤‡∏£‡∏î‡∏π‡πÄ‡πÄ‡∏•‡πÄ‡∏≠‡∏≤‡πÉ‡∏à‡πÄ‡πÄ‡∏•‡∏∞‡∏õ‡∏è‡∏¥‡∏ö‡∏±‡∏ï‡∏¥‡πÄ‡πÄ‡∏ö‡∏ö‡πÑ‡∏°‡πà‡πÄ‡∏•‡∏∑‡∏≠‡∏Å ‡∏û‡∏¢‡∏≤‡∏ö‡∏≤‡∏•‡∏ó‡∏∏‡∏Å‡∏Ñ‡∏ô‡πÉ‡∏™‡πà‡∏Å‡∏±‡∏ö‡∏Ñ‡∏ô‡πÑ‡∏Ç‡πâ‡∏ó‡∏∏‡∏Å‡∏£‡∏≤‡∏¢ ‡∏Ñ‡∏≠‡∏¢‡∏ñ‡∏≤‡∏° ‡∏Ñ‡∏≠‡∏¢‡∏™‡∏±‡∏á‡πÄ‡∏Å‡∏ï‡∏∏‡∏≠‡∏≤‡∏Å‡∏≤‡∏£‡∏ï‡πà‡∏≤‡∏á‡πÜ ‡∏°‡∏±‡∏ô‡πÄ‡∏•‡∏¢‡∏ó‡∏≥‡πÉ‡∏´‡πâ‡∏î‡∏¥‡∏â‡∏±‡∏ô‡πÑ‡∏°‡πà‡∏£‡∏π‡πâ‡∏™‡∏∂‡∏Å‡∏ß‡πà‡∏≤‡πÄ‡∏à‡πá‡∏ö‡∏õ‡πà‡∏ß‡∏¢ ‡πÄ‡∏´‡∏°‡∏∑‡∏≠‡∏ô‡∏°‡∏≤‡πÄ‡∏õ‡∏•‡∏µ‡πà‡∏¢‡∏ô‡∏ó‡∏µ‡πà‡∏ô‡∏≠‡∏ô‡∏™‡∏∞‡∏°‡∏≤‡∏Å‡∏Å‡∏ß‡πà‡∏≤ ‡∏ö‡∏≠‡∏Å‡πÄ‡∏•‡∏¢‡∏ß‡πà‡∏≤‡∏õ‡∏£‡∏∞‡∏ó‡∏±‡∏ö‡πÉ‡∏à‡∏à‡∏£‡∏¥‡∏á‡πÜ‡∏Ñ‡πà‡∏∞,4
